Time,Data
20231230_175400642,269.57mm;     79.58mm/s;
20231230_175400743,274.39mm;     43.36mm/s;
20231230_175400845,274.59mm;     0.00mm/s;
20231230_175400947,274.59mm;     0.00mm/s;
20231230_175401049,274.59mm;     0.00mm/s;
20231230_175401151,274.49mm;     -0.54mm/s;
20231230_175401254,274.49mm;     0.00mm/s;
20231230_175401305,274.49mm;     0.00mm/s;
20231230_175401407,274.49mm;     0.00mm/s;
20231230_175401509,274.49mm;     0.00mm/s;
20231230_175401611,274.49mm;     0.00mm/s;
20231230_175401713,274.49mm;     0.00mm/s;
20231230_175401815,274.49mm;     0.00mm/s;
20231230_175401916,274.49mm;     0.00mm/s;
20231230_175402018,274.49mm;     0.00mm/s;
20231230_175402120,274.49mm;     0.00mm/s;
20231230_175402222,274.49mm;     0.00mm/s;
20231230_175402324,274.49mm;     0.00mm/s;
20231230_175402426,274.49mm;     0.00mm/s;
20231230_175402528,274.49mm;     0.00mm/s;
20231230_175402631,274.49mm;     0.00mm/s;
20231230_175402733,274.49mm;     0.00mm/s;
20231230_175402835,274.49mm;     0.00mm/s;
20231230_175402937,274.49mm;     0.00mm/s;
20231230_175403039,274.49mm;     0.00mm/s;
20231230_175403141,274.59mm;     0.00mm/s;
20231230_175403244,274.59mm;     0.00mm/s;
20231230_175403346,274.59mm;     0.00mm/s;
20231230_175403448,274.59mm;     0.00mm/s;
20231230_175403499,274.69mm;     0.49mm/s;
20231230_175403601,274.69mm;     0.00mm/s;
20231230_175403702,274.80mm;     0.96mm/s;
20231230_175403805,274.80mm;     0.00mm/s;
20231230_175403906,274.80mm;     0.00mm/s;
20231230_175404009,274.80mm;     0.00mm/s;
20231230_175404111,274.80mm;     0.00mm/s;
20231230_175404214,274.90mm;     0.38mm/s;
20231230_175404315,274.90mm;     0.00mm/s;
20231230_175404417,274.90mm;     0.00mm/s;
20231230_175404518,274.90mm;     0.00mm/s;
20231230_175404619,274.90mm;     0.00mm/s;
20231230_175404721,275.00mm;     0.44mm/s;
20231230_175404823,275.00mm;     0.00mm/s;
20231230_175404925,275.00mm;     0.00mm/s;
20231230_175405026,275.00mm;     0.00mm/s;
20231230_175405127,275.00mm;     0.00mm/s;
20231230_175405229,275.00mm;     0.00mm/s;
20231230_175405331,275.00mm;     0.00mm/s;
20231230_175405433,275.00mm;     0.00mm/s;
20231230_175405535,275.00mm;     0.00mm/s;
20231230_175405637,275.00mm;     0.00mm/s;
20231230_175405739,275.00mm;     0.00mm/s;
20231230_175405840,275.10mm;     0.00mm/s;
20231230_175405943,275.10mm;     0.00mm/s;
20231230_175406043,275.10mm;     0.00mm/s;
20231230_175406095,275.10mm;     0.00mm/s;
20231230_175406247,275.10mm;     0.00mm/s;
20231230_175406299,275.10mm;     0.00mm/s;
20231230_175406401,275.10mm;     0.00mm/s;
20231230_175406503,275.10mm;     0.00mm/s;
20231230_175406605,275.10mm;     0.00mm/s;
20231230_175406707,275.10mm;     0.00mm/s;
20231230_175406809,275.10mm;     0.00mm/s;
20231230_175406911,275.10mm;     0.00mm/s;
20231230_175407012,275.10mm;     0.00mm/s;
20231230_175407114,275.10mm;     0.00mm/s;
20231230_175407216,275.10mm;     0.00mm/s;
20231230_175407317,275.10mm;     0.00mm/s;
20231230_175407419,275.10mm;     0.00mm/s;
20231230_175407521,275.10mm;     0.00mm/s;
20231230_175407623,275.10mm;     0.00mm/s;
20231230_175407725,275.10mm;     0.00mm/s;
20231230_175407826,275.10mm;     0.00mm/s;
20231230_175407928,275.10mm;     0.00mm/s;
20231230_175408030,275.10mm;     0.00mm/s;
20231230_175408132,275.10mm;     0.00mm/s;
20231230_175408234,275.10mm;     0.00mm/s;
20231230_175408337,275.10mm;     0.00mm/s;
20231230_175408438,275.10mm;     0.00mm/s;
20231230_175408540,275.10mm;     0.00mm/s;
20231230_175408642,275.10mm;     0.00mm/s;
20231230_175408692,275.10mm;     0.00mm/s;
20231230_175408794,275.10mm;     0.00mm/s;
20231230_175408895,275.10mm;     0.00mm/s;
20231230_175408997,275.10mm;     0.00mm/s;
20231230_175409099,275.10mm;     0.00mm/s;
20231230_175409201,275.10mm;     0.00mm/s;
20231230_175409303,275.21mm;     0.06mm/s;
20231230_175409405,275.21mm;     0.00mm/s;
20231230_175409507,275.21mm;     0.00mm/s;
20231230_175409608,275.21mm;     0.00mm/s;
20231230_175409709,275.21mm;     0.00mm/s;
20231230_175409811,275.21mm;     0.00mm/s;
20231230_175409913,275.21mm;     0.00mm/s;
20231230_175410014,275.21mm;     0.00mm/s;
20231230_175410116,275.21mm;     0.00mm/s;
20231230_175410218,275.21mm;     0.00mm/s;
20231230_175410321,275.21mm;     0.00mm/s;
20231230_175410423,275.21mm;     0.00mm/s;
20231230_175410524,275.21mm;     0.00mm/s;
20231230_175410626,275.21mm;     0.00mm/s;
20231230_175410728,275.21mm;     0.00mm/s;
20231230_175410830,275.21mm;     0.00mm/s;
20231230_175410931,275.21mm;     0.00mm/s;
20231230_175411033,275.21mm;     0.00mm/s;
20231230_175411135,275.21mm;     0.00mm/s;
20231230_175411238,275.21mm;     0.00mm/s;
20231230_175411288,275.21mm;     0.00mm/s;
20231230_175411441,275.21mm;     0.00mm/s;
20231230_175411491,275.21mm;     0.00mm/s;
20231230_175411594,275.21mm;     0.00mm/s;
20231230_175411696,275.21mm;     0.00mm/s;
20231230_175411797,275.21mm;     0.00mm/s;
20231230_175411899,275.21mm;     0.00mm/s;
20231230_175412000,275.21mm;     0.00mm/s;
20231230_175412102,275.21mm;     0.00mm/s;
20231230_175412204,275.21mm;     0.00mm/s;
20231230_175412305,275.21mm;     0.00mm/s;
20231230_175412408,275.21mm;     0.00mm/s;
20231230_175412510,275.21mm;     0.00mm/s;
20231230_175412611,275.21mm;     0.00mm/s;
20231230_175412713,275.21mm;     0.00mm/s;
20231230_175412815,275.21mm;     0.00mm/s;
20231230_175412917,275.21mm;     0.00mm/s;
20231230_175413019,275.21mm;     0.00mm/s;
20231230_175413121,275.21mm;     0.00mm/s;
20231230_175413222,275.21mm;     0.00mm/s;
20231230_175413324,275.21mm;     0.00mm/s;
20231230_175413426,275.21mm;     0.00mm/s;
20231230_175413528,275.31mm;     0.05mm/s;
20231230_175413630,276.03mm;     34.84mm/s;
20231230_175413732,279.92mm;     85.27mm/s;
20231230_175413833,283.00mm;     37.60mm/s;
20231230_175413934,285.36mm;     45.23mm/s;
20231230_175414036,287.82mm;     34.84mm/s;
20231230_175414087,288.53mm;     0.00mm/s;
20231230_175414189,288.84mm;     13.73mm/s;
20231230_175414290,290.69mm;     99.71mm/s;
20231230_175414392,299.19mm;     225.77mm/s;
20231230_175414494,312.42mm;     185.02mm/s;
20231230_175414595,318.98mm;     155.30mm/s;
20231230_175414696,328.31mm;     220.91mm/s;
20231230_175414797,330.25mm;     -26.17mm/s;
20231230_175414898,330.25mm;     0.00mm/s;
20231230_175415000,330.36mm;     0.93mm/s;
20231230_175415102,330.25mm;     -1.63mm/s;
20231230_175415203,330.25mm;     0.00mm/s;
20231230_175415305,330.25mm;     0.00mm/s;
20231230_175415406,330.25mm;     0.00mm/s;
20231230_175415507,330.25mm;     0.00mm/s;
20231230_175415609,330.56mm;     22.79mm/s;
20231230_175415711,330.87mm;     8.92mm/s;
20231230_175415812,331.48mm;     15.30mm/s;
20231230_175415914,331.69mm;     0.00mm/s;
20231230_175416016,331.59mm;     -1.44mm/s;
20231230_175416118,331.59mm;     0.00mm/s;
20231230_175416220,331.59mm;     0.00mm/s;
20231230_175416322,331.69mm;     0.67mm/s;
20231230_175416425,332.00mm;     13.48mm/s;
20231230_175416527,334.87mm;     266.93mm/s;
20231230_175416628,353.32mm;     374.09mm/s;
20231230_175416730,368.59mm;     289.55mm/s;
20231230_175416831,388.27mm;     438.03mm/s;
20231230_175416933,405.39mm;     155.78mm/s;
20231230_175417035,411.75mm;     146.43mm/s;
20231230_175417086,418.10mm;     95.08mm/s;
20231230_175417188,424.87mm;     175.51mm/s;
20231230_175417291,434.71mm;     165.32mm/s;
20231230_175417392,441.27mm;     77.65mm/s;
20231230_175417493,448.04mm;     310.61mm/s;
20231230_175417596,461.98mm;     168.59mm/s;
20231230_175417698,467.72mm;     85.56mm/s;
20231230_175417800,471.20mm;     76.04mm/s;
20231230_175417902,474.48mm;     78.24mm/s;
20231230_175418003,483.71mm;     261.48mm/s;
20231230_175418105,494.37mm;     217.16mm/s;
20231230_175418209,504.01mm;     138.51mm/s;
20231230_175418311,506.88mm;     20.07mm/s;
20231230_175418412,507.08mm;     6.64mm/s;
20231230_175418515,509.54mm;     74.71mm/s;
20231230_175418616,512.62mm;     24.47mm/s;
20231230_175418717,512.72mm;     0.00mm/s;
20231230_175418818,512.72mm;     0.00mm/s;
20231230_175418922,512.72mm;     0.00mm/s;
20231230_175419023,512.72mm;     0.00mm/s;
20231230_175419126,512.92mm;     16.12mm/s;
20231230_175419227,512.92mm;     0.00mm/s;
20231230_175419328,512.92mm;     0.00mm/s;
20231230_175419431,512.92mm;     0.00mm/s;
20231230_175419533,512.92mm;     0.00mm/s;
20231230_175419634,513.64mm;     32.71mm/s;
20231230_175419685,514.26mm;     0.00mm/s;
20231230_175419787,514.26mm;     0.00mm/s;
20231230_175419888,514.26mm;     0.00mm/s;
20231230_175419990,514.26mm;     0.00mm/s;
20231230_175420094,514.36mm;     0.49mm/s;
20231230_175420195,514.36mm;     0.00mm/s;
20231230_175420298,514.36mm;     0.00mm/s;
20231230_175420399,514.36mm;     0.00mm/s;
20231230_175420501,514.36mm;     0.00mm/s;
20231230_175420603,514.36mm;     0.00mm/s;
20231230_175420705,514.36mm;     0.00mm/s;
20231230_175420807,514.77mm;     20.49mm/s;
20231230_175420909,515.69mm;     22.11mm/s;
20231230_175421011,516.00mm;     0.00mm/s;
20231230_175421113,516.20mm;     7.83mm/s;
20231230_175421215,516.31mm;     3.00mm/s;
20231230_175421317,518.05mm;     66.82mm/s;
20231230_175421419,522.97mm;     155.78mm/s;
20231230_175421520,528.71mm;     99.90mm/s;
20231230_175421621,536.39mm;     231.90mm/s;
20231230_175421724,551.76mm;     348.64mm/s;
20231230_175421825,565.90mm;     207.49mm/s;
20231230_175421927,568.16mm;     0.00mm/s;
20231230_175422029,568.16mm;     0.00mm/s;
20231230_175422131,568.16mm;     0.00mm/s;
20231230_175422232,567.65mm;     -29.52mm/s;
20231230_175422283,567.44mm;     0.00mm/s;
20231230_175422386,567.75mm;     19.63mm/s;
20231230_175422488,569.90mm;     34.47mm/s;
20231230_175422590,572.67mm;     83.06mm/s;
20231230_175422691,575.95mm;     29.52mm/s;
20231230_175422792,576.97mm;     30.34mm/s;
20231230_175422894,578.10mm;     19.43mm/s;
20231230_175422994,578.41mm;     7.23mm/s;
20231230_175423096,578.41mm;     0.00mm/s;
20231230_175423198,578.41mm;     0.00mm/s;
20231230_175423300,578.41mm;     0.00mm/s;
20231230_175423401,578.41mm;     0.00mm/s;
20231230_175423502,578.41mm;     0.00mm/s;
20231230_175423604,578.41mm;     0.00mm/s;
20231230_175423705,578.41mm;     0.00mm/s;
20231230_175423806,578.41mm;     0.00mm/s;
20231230_175423909,578.41mm;     0.00mm/s;
20231230_175424011,578.41mm;     0.00mm/s;
20231230_175424117,578.41mm;     0.00mm/s;
20231230_175424219,578.41mm;     0.00mm/s;
20231230_175424321,578.41mm;     0.00mm/s;
20231230_175424422,578.41mm;     0.00mm/s;
20231230_175424523,578.41mm;     0.00mm/s;
20231230_175424626,578.41mm;     0.00mm/s;
20231230_175424728,578.41mm;     0.00mm/s;
20231230_175424830,578.41mm;     0.00mm/s;
20231230_175424932,578.41mm;     0.00mm/s;
20231230_175424983,578.41mm;     0.00mm/s;
20231230_175425085,578.41mm;     0.00mm/s;
20231230_175425187,578.41mm;     0.00mm/s;
20231230_175425288,578.41mm;     0.00mm/s;
20231230_175425390,578.41mm;     0.00mm/s;
20231230_175425493,578.41mm;     0.00mm/s;
20231230_175425594,578.41mm;     0.00mm/s;
20231230_175425696,578.41mm;     0.00mm/s;
20231230_175425797,578.41mm;     0.00mm/s;
20231230_175425899,578.41mm;     0.00mm/s;
20231230_175426001,578.41mm;     0.00mm/s;
20231230_175426103,578.41mm;     0.00mm/s;
20231230_175426205,578.41mm;     0.00mm/s;
20231230_175426307,578.41mm;     0.00mm/s;
20231230_175426410,578.41mm;     0.00mm/s;
20231230_175426512,578.41mm;     0.00mm/s;
20231230_175426613,578.41mm;     0.00mm/s;
20231230_175426715,578.41mm;     0.00mm/s;
20231230_175426815,578.41mm;     0.00mm/s;
20231230_175426917,578.41mm;     0.00mm/s;
20231230_175427018,578.41mm;     0.00mm/s;
20231230_175427120,578.41mm;     0.00mm/s;
20231230_175427222,578.41mm;     0.00mm/s;
20231230_175427324,578.41mm;     0.00mm/s;
20231230_175427426,578.41mm;     0.00mm/s;
20231230_175427528,578.41mm;     0.00mm/s;
20231230_175427579,578.41mm;     0.00mm/s;
20231230_175427680,578.41mm;     0.00mm/s;
20231230_175427782,578.41mm;     0.00mm/s;
20231230_175427888,578.41mm;     0.00mm/s;
20231230_175427990,578.41mm;     0.00mm/s;
20231230_175428092,578.41mm;     0.00mm/s;
20231230_175428193,578.41mm;     0.00mm/s;
20231230_175428295,578.41mm;     0.00mm/s;
20231230_175428397,578.41mm;     0.00mm/s;
20231230_175428498,578.41mm;     0.00mm/s;
20231230_175428600,578.41mm;     0.00mm/s;
20231230_175428702,578.41mm;     0.00mm/s;
20231230_175428803,578.41mm;     0.00mm/s;
20231230_175428904,578.41mm;     0.00mm/s;
20231230_175429008,578.41mm;     0.00mm/s;
20231230_175429110,578.41mm;     0.00mm/s;
20231230_175429213,578.41mm;     0.00mm/s;
20231230_175429315,578.41mm;     0.00mm/s;
20231230_175429416,578.41mm;     0.00mm/s;
20231230_175429518,578.41mm;     0.00mm/s;
20231230_175429619,578.41mm;     0.00mm/s;
20231230_175429721,578.41mm;     0.00mm/s;
20231230_175429823,578.41mm;     0.00mm/s;
20231230_175429925,578.41mm;     0.00mm/s;
20231230_175429976,578.41mm;     0.00mm/s;
20231230_175430078,578.41mm;     0.00mm/s;
20231230_175430179,578.41mm;     0.00mm/s;
20231230_175430281,578.41mm;     0.00mm/s;
20231230_175430383,578.41mm;     0.00mm/s;
20231230_175430485,578.41mm;     0.00mm/s;
20231230_175430586,578.41mm;     0.00mm/s;
20231230_175430688,578.41mm;     0.00mm/s;
20231230_175430789,578.41mm;     0.00mm/s;
20231230_175430890,578.41mm;     0.00mm/s;
20231230_175430992,578.41mm;     0.00mm/s;
20231230_175431094,578.41mm;     0.00mm/s;
20231230_175431196,578.41mm;     0.00mm/s;
20231230_175431297,578.41mm;     0.00mm/s;
20231230_175431399,578.41mm;     0.00mm/s;
20231230_175431502,578.41mm;     0.00mm/s;
20231230_175431604,578.41mm;     0.00mm/s;
20231230_175431706,578.41mm;     0.00mm/s;
20231230_175431807,578.41mm;     0.00mm/s;
20231230_175431908,578.41mm;     0.00mm/s;
20231230_175432010,578.41mm;     0.00mm/s;
20231230_175432111,578.41mm;     0.00mm/s;
20231230_175432213,578.41mm;     0.00mm/s;
20231230_175432315,578.41mm;     0.00mm/s;
20231230_175432416,578.41mm;     0.00mm/s;
20231230_175432518,578.41mm;     0.00mm/s;
20231230_175432619,578.41mm;     0.00mm/s;
20231230_175432721,578.41mm;     0.00mm/s;
20231230_175432772,578.41mm;     0.00mm/s;
20231230_175432874,578.41mm;     0.00mm/s;
20231230_175432975,578.41mm;     0.00mm/s;
20231230_175433078,578.41mm;     0.00mm/s;
20231230_175433179,578.41mm;     0.00mm/s;
20231230_175433280,578.41mm;     0.00mm/s;
20231230_175433382,578.41mm;     0.00mm/s;
20231230_175433484,578.41mm;     0.00mm/s;
20231230_175433585,578.41mm;     0.00mm/s;
20231230_175433687,578.41mm;     0.00mm/s;
20231230_175433788,578.41mm;     0.00mm/s;
20231230_175433891,578.41mm;     0.00mm/s;
20231230_175433992,578.41mm;     0.00mm/s;
20231230_175434094,578.41mm;     0.00mm/s;
20231230_175434195,578.41mm;     0.00mm/s;
20231230_175434297,578.41mm;     0.00mm/s;
20231230_175434398,578.41mm;     0.00mm/s;
20231230_175434500,578.41mm;     0.00mm/s;
20231230_175434602,578.41mm;     0.00mm/s;
20231230_175434704,578.41mm;     0.00mm/s;
20231230_175434806,578.41mm;     0.00mm/s;
20231230_175434908,578.41mm;     0.00mm/s;
20231230_175435009,578.41mm;     0.00mm/s;
20231230_175435111,578.41mm;     0.00mm/s;
20231230_175435212,578.41mm;     0.00mm/s;
20231230_175435313,578.41mm;     0.00mm/s;
20231230_175435414,578.41mm;     0.00mm/s;
20231230_175435466,578.41mm;     0.00mm/s;
20231230_175435568,578.41mm;     0.00mm/s;
20231230_175435670,578.41mm;     0.00mm/s;
20231230_175435773,578.41mm;     0.00mm/s;
20231230_175435875,578.41mm;     0.00mm/s;
20231230_175435977,578.41mm;     0.00mm/s;
20231230_175436079,578.41mm;     0.00mm/s;
20231230_175436181,578.41mm;     0.00mm/s;
20231230_175436282,578.41mm;     0.00mm/s;
20231230_175436383,578.41mm;     0.00mm/s;
20231230_175436485,578.41mm;     0.00mm/s;
20231230_175436586,578.41mm;     0.00mm/s;
20231230_175436689,578.41mm;     0.00mm/s;
20231230_175436791,578.41mm;     0.00mm/s;
20231230_175436893,578.41mm;     0.00mm/s;
20231230_175436994,578.41mm;     0.00mm/s;
20231230_175437097,578.41mm;     0.00mm/s;
20231230_175437199,578.41mm;     0.00mm/s;
20231230_175437300,578.41mm;     0.00mm/s;
20231230_175437402,578.41mm;     0.00mm/s;
20231230_175437504,578.41mm;     0.00mm/s;
20231230_175437605,578.41mm;     0.00mm/s;
20231230_175437706,578.41mm;     0.00mm/s;
20231230_175437809,578.41mm;     0.00mm/s;
20231230_175437910,578.41mm;     0.00mm/s;
20231230_175438012,578.41mm;     0.00mm/s;
20231230_175438063,578.41mm;     0.00mm/s;
20231230_175438168,578.41mm;     0.00mm/s;
20231230_175438269,578.41mm;     0.00mm/s;
20231230_175438372,578.41mm;     0.00mm/s;
20231230_175438474,578.41mm;     0.00mm/s;
20231230_175438575,578.41mm;     0.00mm/s;
20231230_175438677,578.41mm;     0.00mm/s;
20231230_175438779,578.41mm;     0.00mm/s;
20231230_175438882,578.41mm;     0.00mm/s;
20231230_175438984,578.41mm;     0.00mm/s;
20231230_175439085,578.41mm;     0.00mm/s;
20231230_175439187,578.41mm;     0.00mm/s;
20231230_175439290,578.41mm;     0.00mm/s;
20231230_175439392,578.41mm;     0.00mm/s;
20231230_175439493,578.41mm;     0.00mm/s;
20231230_175439595,578.41mm;     0.00mm/s;
20231230_175439697,578.41mm;     0.00mm/s;
20231230_175439799,578.41mm;     0.00mm/s;
20231230_175439901,578.41mm;     0.00mm/s;
20231230_175440003,578.41mm;     0.00mm/s;
20231230_175440105,578.41mm;     0.00mm/s;
20231230_175440206,578.41mm;     0.00mm/s;
20231230_175440308,578.41mm;     0.00mm/s;
20231230_175440410,578.41mm;     0.00mm/s;
20231230_175440512,578.41mm;     0.00mm/s;
20231230_175440563,578.41mm;     0.00mm/s;
20231230_175440665,578.41mm;     0.00mm/s;
20231230_175440767,578.41mm;     0.00mm/s;
20231230_175440869,578.41mm;     0.00mm/s;
20231230_175440972,578.41mm;     0.00mm/s;
20231230_175441073,578.41mm;     0.00mm/s;
20231230_175441174,578.41mm;     0.00mm/s;
20231230_175441276,578.41mm;     0.00mm/s;
20231230_175441377,578.41mm;     0.00mm/s;
20231230_175441479,578.41mm;     0.00mm/s;
20231230_175441581,578.41mm;     0.00mm/s;
20231230_175441683,578.41mm;     0.00mm/s;
20231230_175441785,578.41mm;     0.00mm/s;
20231230_175441887,578.41mm;     0.00mm/s;
20231230_175441990,578.41mm;     0.00mm/s;
20231230_175442091,578.41mm;     0.00mm/s;
20231230_175442193,578.41mm;     0.00mm/s;
20231230_175442294,578.41mm;     0.00mm/s;
20231230_175442395,578.41mm;     0.00mm/s;
20231230_175442497,578.41mm;     0.00mm/s;
20231230_175442598,578.41mm;     0.00mm/s;
20231230_175442700,578.41mm;     0.00mm/s;
20231230_175442801,578.41mm;     0.00mm/s;
20231230_175442903,578.41mm;     0.00mm/s;
20231230_175443005,578.41mm;     0.00mm/s;
20231230_175443107,578.41mm;     0.00mm/s;
20231230_175443158,578.41mm;     0.00mm/s;
20231230_175443260,578.41mm;     0.00mm/s;
20231230_175443362,578.41mm;     0.00mm/s;
20231230_175443464,578.41mm;     0.00mm/s;
20231230_175443566,578.41mm;     0.00mm/s;
20231230_175443667,578.41mm;     0.00mm/s;
20231230_175443769,578.41mm;     0.00mm/s;
20231230_175443870,578.41mm;     0.00mm/s;
20231230_175443971,578.41mm;     0.00mm/s;
20231230_175444073,578.41mm;     0.00mm/s;
20231230_175444175,578.41mm;     0.00mm/s;
20231230_175444277,578.41mm;     0.00mm/s;
20231230_175444379,578.41mm;     0.00mm/s;
20231230_175444481,578.41mm;     0.00mm/s;
20231230_175444583,578.41mm;     0.00mm/s;
20231230_175444684,578.41mm;     0.00mm/s;
20231230_175444786,578.41mm;     0.00mm/s;
20231230_175444887,578.41mm;     0.00mm/s;
20231230_175444989,578.41mm;     0.00mm/s;
20231230_175445091,578.41mm;     0.00mm/s;
20231230_175445193,578.41mm;     0.00mm/s;
20231230_175445294,578.41mm;     0.00mm/s;
20231230_175445396,578.41mm;     0.00mm/s;
20231230_175445498,578.41mm;     0.00mm/s;
20231230_175445600,578.41mm;     0.00mm/s;
20231230_175445702,578.41mm;     0.00mm/s;
20231230_175445804,578.41mm;     0.00mm/s;
20231230_175445854,578.41mm;     0.00mm/s;
20231230_175445956,578.41mm;     0.00mm/s;
20231230_175446059,578.41mm;     0.00mm/s;
20231230_175446161,578.41mm;     0.00mm/s;
20231230_175446263,578.41mm;     0.00mm/s;
20231230_175446365,578.41mm;     0.00mm/s;
20231230_175446466,578.41mm;     0.00mm/s;
20231230_175446569,578.41mm;     0.00mm/s;
20231230_175446671,578.41mm;     0.00mm/s;
20231230_175446773,578.41mm;     0.00mm/s;
20231230_175446874,578.41mm;     0.00mm/s;
20231230_175446976,578.41mm;     0.00mm/s;
20231230_175447079,578.41mm;     0.00mm/s;
20231230_175447181,578.41mm;     0.00mm/s;
20231230_175447283,578.41mm;     0.00mm/s;
20231230_175447385,578.41mm;     0.00mm/s;
20231230_175447487,578.41mm;     0.00mm/s;
20231230_175447589,578.41mm;     0.00mm/s;
20231230_175447691,578.41mm;     0.00mm/s;
20231230_175447793,578.41mm;     0.00mm/s;
20231230_175447895,578.41mm;     0.00mm/s;
20231230_175447997,578.41mm;     0.00mm/s;
20231230_175448099,578.41mm;     0.00mm/s;
20231230_175448150,578.41mm;     0.00mm/s;
20231230_175448253,578.41mm;     0.00mm/s;
20231230_175448354,578.41mm;     0.00mm/s;
20231230_175448456,578.41mm;     0.00mm/s;
20231230_175448559,578.41mm;     0.00mm/s;
20231230_175448660,578.41mm;     0.00mm/s;
20231230_175448762,578.41mm;     0.00mm/s;
20231230_175448865,578.41mm;     0.00mm/s;
20231230_175448966,578.41mm;     0.00mm/s;
20231230_175449068,578.41mm;     0.00mm/s;
20231230_175449170,578.41mm;     0.00mm/s;
20231230_175449271,578.41mm;     0.00mm/s;
20231230_175449373,578.41mm;     0.00mm/s;
20231230_175449474,578.41mm;     0.00mm/s;
20231230_175449576,578.41mm;     0.00mm/s;
20231230_175449678,578.41mm;     0.00mm/s;
20231230_175449780,578.41mm;     0.00mm/s;
20231230_175449881,578.41mm;     0.00mm/s;
20231230_175449983,578.41mm;     0.00mm/s;
20231230_175450085,578.41mm;     0.00mm/s;
20231230_175450189,578.41mm;     0.00mm/s;
20231230_175450291,578.41mm;     0.00mm/s;
20231230_175450392,578.41mm;     0.00mm/s;
20231230_175450494,578.41mm;     0.00mm/s;
20231230_175450596,578.41mm;     0.00mm/s;
20231230_175450697,578.41mm;     0.00mm/s;
20231230_175450748,578.41mm;     0.00mm/s;
20231230_175450850,578.41mm;     0.00mm/s;
20231230_175450951,578.41mm;     0.00mm/s;
20231230_175451053,578.41mm;     0.00mm/s;
20231230_175451155,578.41mm;     0.00mm/s;
20231230_175451256,578.41mm;     0.00mm/s;
20231230_175451358,578.41mm;     0.00mm/s;
20231230_175451460,578.41mm;     0.00mm/s;
20231230_175451562,578.41mm;     0.00mm/s;
20231230_175451664,578.41mm;     0.00mm/s;
20231230_175451766,578.41mm;     0.00mm/s;
20231230_175451868,578.41mm;     0.00mm/s;
20231230_175451970,578.41mm;     0.00mm/s;
20231230_175452072,578.41mm;     0.00mm/s;
20231230_175452173,578.41mm;     0.00mm/s;
20231230_175452275,578.41mm;     0.00mm/s;
20231230_175452377,578.41mm;     0.00mm/s;
20231230_175452479,578.41mm;     0.00mm/s;
20231230_175452580,578.41mm;     0.00mm/s;
20231230_175452682,578.41mm;     0.00mm/s;
20231230_175452784,578.41mm;     0.00mm/s;
20231230_175452887,578.41mm;     0.00mm/s;
20231230_175452989,578.41mm;     0.00mm/s;
20231230_175453091,578.41mm;     0.00mm/s;
20231230_175453146,578.41mm;     0.00mm/s;
20231230_175453248,578.41mm;     0.00mm/s;
20231230_175453350,578.41mm;     0.00mm/s;
20231230_175453452,578.41mm;     0.00mm/s;
20231230_175453554,578.41mm;     0.00mm/s;
20231230_175453656,578.41mm;     0.00mm/s;
20231230_175453757,578.41mm;     0.00mm/s;
20231230_175453859,578.41mm;     0.00mm/s;
20231230_175453960,578.41mm;     0.00mm/s;
20231230_175454063,578.41mm;     0.00mm/s;
20231230_175454164,578.41mm;     0.00mm/s;
20231230_175454266,578.41mm;     0.00mm/s;
20231230_175454367,578.41mm;     0.00mm/s;
20231230_175454469,578.41mm;     0.00mm/s;
20231230_175454572,578.41mm;     0.00mm/s;
20231230_175454672,578.41mm;     0.00mm/s;
20231230_175454774,578.41mm;     0.00mm/s;
20231230_175454876,578.41mm;     0.00mm/s;
20231230_175454978,578.41mm;     0.00mm/s;
20231230_175455079,578.41mm;     0.00mm/s;
20231230_175455181,578.41mm;     0.00mm/s;
20231230_175455282,578.41mm;     0.00mm/s;
20231230_175455384,578.41mm;     0.00mm/s;
20231230_175455486,578.41mm;     0.00mm/s;
20231230_175455588,578.41mm;     0.00mm/s;
20231230_175455690,578.41mm;     0.00mm/s;
20231230_175455741,578.41mm;     0.00mm/s;
20231230_175455844,578.41mm;     0.00mm/s;
20231230_175455946,578.41mm;     0.00mm/s;
20231230_175456048,578.41mm;     0.00mm/s;
20231230_175456149,578.41mm;     0.00mm/s;
20231230_175456250,578.41mm;     0.00mm/s;
20231230_175456352,578.41mm;     0.00mm/s;
20231230_175456454,578.41mm;     0.00mm/s;
20231230_175456555,578.41mm;     0.00mm/s;
20231230_175456657,578.41mm;     0.00mm/s;
20231230_175456759,578.41mm;     0.00mm/s;
20231230_175456861,578.41mm;     0.00mm/s;
20231230_175456963,578.41mm;     0.00mm/s;
20231230_175457064,578.41mm;     0.00mm/s;
20231230_175457166,578.41mm;     0.00mm/s;
20231230_175457267,578.41mm;     0.00mm/s;
20231230_175457368,578.41mm;     0.00mm/s;
20231230_175457470,578.41mm;     0.00mm/s;
20231230_175457572,578.41mm;     0.00mm/s;
20231230_175457673,578.41mm;     0.00mm/s;
20231230_175457774,578.41mm;     0.00mm/s;
20231230_175457875,578.41mm;     0.00mm/s;
20231230_175457977,578.41mm;     0.00mm/s;
20231230_175458078,578.41mm;     0.00mm/s;
20231230_175458181,578.41mm;     0.00mm/s;
20231230_175458288,578.41mm;     0.00mm/s;
20231230_175458339,578.41mm;     0.00mm/s;
20231230_175458440,578.41mm;     0.00mm/s;
20231230_175458542,578.41mm;     0.00mm/s;
20231230_175458644,578.41mm;     0.00mm/s;
20231230_175458747,578.41mm;     0.00mm/s;
20231230_175458848,578.41mm;     0.00mm/s;
20231230_175458951,578.41mm;     0.00mm/s;
20231230_175459052,578.41mm;     0.00mm/s;
20231230_175459154,578.41mm;     0.00mm/s;
20231230_175459255,578.41mm;     0.00mm/s;
20231230_175459356,578.41mm;     0.00mm/s;
20231230_175459459,578.41mm;     0.00mm/s;
20231230_175459562,578.41mm;     0.00mm/s;
20231230_175459663,578.41mm;     0.00mm/s;
20231230_175459766,578.41mm;     0.00mm/s;
20231230_175459868,578.41mm;     0.00mm/s;
20231230_175459969,578.41mm;     0.00mm/s;
20231230_175500071,578.41mm;     0.00mm/s;
20231230_175500172,578.41mm;     0.00mm/s;
20231230_175500274,578.41mm;     0.00mm/s;
20231230_175500377,578.41mm;     0.00mm/s;
20231230_175500478,578.41mm;     0.00mm/s;
20231230_175500580,578.41mm;     0.00mm/s;
20231230_175500682,578.41mm;     0.00mm/s;
20231230_175500784,578.41mm;     0.00mm/s;
20231230_175500835,578.41mm;     0.00mm/s;
20231230_175500937,578.41mm;     0.00mm/s;
20231230_175501039,578.41mm;     0.00mm/s;
20231230_175501141,578.41mm;     0.00mm/s;
20231230_175501243,578.41mm;     0.00mm/s;
20231230_175501344,578.41mm;     0.00mm/s;
20231230_175501446,578.41mm;     0.00mm/s;
20231230_175501548,578.41mm;     0.00mm/s;
20231230_175501650,578.41mm;     0.00mm/s;
20231230_175501751,578.41mm;     0.00mm/s;
20231230_175501853,579.43mm;     37.55mm/s;
20231230_175501953,582.10mm;     80.33mm/s;
20231230_175502055,586.91mm;     78.36mm/s;
20231230_175502157,588.45mm;     24.47mm/s;
20231230_175502259,589.58mm;     32.42mm/s;
20231230_175502361,593.27mm;     113.89mm/s;
20231230_175502464,599.83mm;     129.09mm/s;
20231230_175502566,609.46mm;     230.86mm/s;
20231230_175502668,621.76mm;     242.89mm/s;
20231230_175502770,637.33mm;     385.34mm/s;
20231230_175502872,638.87mm;     0.00mm/s;
20231230_175502973,638.97mm;     0.00mm/s;
20231230_175503075,639.07mm;     0.00mm/s;
20231230_175503177,639.18mm;     1.29mm/s;
20231230_175503280,639.38mm;     11.82mm/s;
20231230_175503381,648.71mm;     517.68mm/s;
20231230_175503483,668.38mm;     265.54mm/s;
20231230_175503534,683.34mm;     358.39mm/s;
20231230_175503636,699.84mm;     216.24mm/s;
20231230_175503737,708.96mm;     206.65mm/s;
20231230_175503838,719.21mm;     127.81mm/s;
20231230_175503940,725.67mm;     183.69mm/s;
20231230_175504043,736.12mm;     289.55mm/s;
20231230_175504145,749.24mm;     205.00mm/s;
20231230_175504247,756.21mm;     135.22mm/s;
20231230_175504350,766.66mm;     268.32mm/s;
20231230_175504452,774.24mm;     71.58mm/s;
20231230_175504554,775.88mm;     65.87mm/s;
20231230_175504656,779.78mm;     90.55mm/s;
20231230_175504759,786.54mm;     157.21mm/s;
20231230_175504860,791.05mm;     31.99mm/s;
20231230_175504961,791.05mm;     0.00mm/s;
20231230_175505063,791.05mm;     0.00mm/s;
20231230_175505165,791.56mm;     26.76mm/s;
20231230_175505267,792.59mm;     11.37mm/s;
20231230_175505369,793.00mm;     21.10mm/s;
20231230_175505472,793.51mm;     9.06mm/s;
20231230_175505574,793.51mm;     0.00mm/s;
20231230_175505675,794.43mm;     72.80mm/s;
20231230_175505777,797.30mm;     38.74mm/s;
20231230_175505879,798.12mm;     65.29mm/s;
20231230_175505981,802.01mm;     88.06mm/s;
20231230_175506032,804.06mm;     23.78mm/s;
20231230_175506185,807.96mm;     133.81mm/s;
20231230_175506236,815.13mm;     116.48mm/s;
20231230_175506338,823.74mm;     289.55mm/s;
20231230_175506440,840.85mm;     420.08mm/s;
20231230_175506541,855.82mm;     178.57mm/s;
20231230_175506643,861.66mm;     95.26mm/s;
20231230_175506745,864.53mm;     23.51mm/s;
20231230_175506847,864.63mm;     0.00mm/s;
20231230_175506949,864.63mm;     0.00mm/s;
20231230_175507051,864.63mm;     0.00mm/s;
20231230_175507153,864.63mm;     0.00mm/s;
20231230_175507256,864.63mm;     0.00mm/s;
20231230_175507357,864.63mm;     0.00mm/s;
20231230_175507459,864.63mm;     0.00mm/s;
20231230_175507560,864.63mm;     0.00mm/s;
20231230_175507662,864.63mm;     0.00mm/s;
20231230_175507763,864.63mm;     0.00mm/s;
20231230_175507865,864.63mm;     0.00mm/s;
20231230_175507967,865.35mm;     4.67mm/s;
20231230_175508069,869.65mm;     123.79mm/s;
20231230_175508172,874.67mm;     113.38mm/s;
20231230_175508275,882.56mm;     170.27mm/s;
20231230_175508376,893.42mm;     268.32mm/s;
20231230_175508478,898.14mm;     -18.46mm/s;
20231230_175508580,897.32mm;     -24.57mm/s;
20231230_175508680,897.11mm;     -2.39mm/s;
20231230_175508731,897.11mm;     0.00mm/s;
20231230_175508833,897.11mm;     0.00mm/s;
20231230_175508936,897.11mm;     0.00mm/s;
20231230_175509037,897.22mm;     0.54mm/s;
20231230_175509140,896.70mm;     -22.67mm/s;
20231230_175509242,896.50mm;     0.00mm/s;
20231230_175509342,896.50mm;     0.00mm/s;
20231230_175509444,896.50mm;     0.00mm/s;
20231230_175509545,896.50mm;     0.00mm/s;
20231230_175509647,896.81mm;     12.28mm/s;
20231230_175509749,896.91mm;     2.19mm/s;
20231230_175509850,896.91mm;     0.00mm/s;
20231230_175509953,896.91mm;     0.00mm/s;
20231230_175510054,896.91mm;     0.00mm/s;
20231230_175510156,896.91mm;     0.00mm/s;
20231230_175510257,896.91mm;     0.00mm/s;
20231230_175510359,896.91mm;     0.00mm/s;
20231230_175510461,896.91mm;     0.00mm/s;
20231230_175510563,896.91mm;     0.00mm/s;
20231230_175510665,896.91mm;     0.00mm/s;
20231230_175510767,896.91mm;     0.00mm/s;
20231230_175510870,896.91mm;     0.00mm/s;
20231230_175510971,896.91mm;     0.00mm/s;
20231230_175511073,896.91mm;     0.00mm/s;
20231230_175511175,896.91mm;     0.00mm/s;
20231230_175511277,896.91mm;     0.00mm/s;
20231230_175511378,896.91mm;     0.00mm/s;
20231230_175511431,896.91mm;     0.00mm/s;
20231230_175511533,896.91mm;     0.00mm/s;
20231230_175511635,896.91mm;     0.00mm/s;
20231230_175511737,896.91mm;     0.00mm/s;
20231230_175511839,896.91mm;     0.00mm/s;
20231230_175511941,896.91mm;     0.00mm/s;
20231230_175512042,896.91mm;     0.00mm/s;
20231230_175512144,896.91mm;     0.00mm/s;
20231230_175512246,896.91mm;     0.00mm/s;
20231230_175512348,896.91mm;     0.00mm/s;
20231230_175512450,896.91mm;     0.00mm/s;
20231230_175512552,896.91mm;     0.00mm/s;
20231230_175512654,896.91mm;     0.00mm/s;
20231230_175512756,896.91mm;     0.00mm/s;
20231230_175512858,896.91mm;     0.00mm/s;
20231230_175512960,896.91mm;     0.00mm/s;
20231230_175513061,896.91mm;     0.00mm/s;
20231230_175513130,896.91mm;     0.00mm/s;
20231230_175513233,896.91mm;     0.00mm/s;
20231230_175513334,897.01mm;     0.06mm/s;
20231230_175513436,897.01mm;     0.00mm/s;
20231230_175513538,897.01mm;     0.00mm/s;
20231230_175513640,897.01mm;     0.00mm/s;
20231230_175513741,897.01mm;     0.00mm/s;
20231230_175513843,897.01mm;     0.00mm/s;
20231230_175513945,897.11mm;     0.32mm/s;
20231230_175514047,897.11mm;     0.00mm/s;
20231230_175514149,897.11mm;     0.00mm/s;
20231230_175514250,897.11mm;     0.00mm/s;
20231230_175514352,897.11mm;     0.00mm/s;
20231230_175514454,897.11mm;     0.00mm/s;
20231230_175514556,897.11mm;     0.00mm/s;
20231230_175514657,897.11mm;     0.00mm/s;
20231230_175514759,897.11mm;     0.00mm/s;
20231230_175514861,897.11mm;     0.00mm/s;
20231230_175514963,897.11mm;     0.00mm/s;
20231230_175515065,897.22mm;     0.00mm/s;
20231230_175515167,897.22mm;     0.00mm/s;
20231230_175515269,897.22mm;     0.00mm/s;
20231230_175515370,897.22mm;     0.00mm/s;
20231230_175515472,897.22mm;     0.00mm/s;
20231230_175515523,897.22mm;     0.00mm/s;
20231230_175515625,897.22mm;     0.00mm/s;
20231230_175515727,897.22mm;     0.00mm/s;
20231230_175515829,897.22mm;     0.00mm/s;
20231230_175515931,897.22mm;     0.00mm/s;
20231230_175516032,897.52mm;     12.52mm/s;
20231230_175516134,897.63mm;     2.73mm/s;
20231230_175516236,898.04mm;     15.62mm/s;
20231230_175516338,898.34mm;     0.00mm/s;
20231230_175516440,898.45mm;     1.25mm/s;
20231230_175516541,899.68mm;     22.96mm/s;
20231230_175516644,899.68mm;     0.00mm/s;
20231230_175516745,899.37mm;     -12.95mm/s;
20231230_175516847,898.04mm;     -42.15mm/s;
20231230_175516949,897.22mm;     -15.97mm/s;
20231230_175517051,896.60mm;     0.00mm/s;
20231230_175517153,896.60mm;     0.00mm/s;
20231230_175517255,897.11mm;     12.21mm/s;
20231230_175517357,897.52mm;     36.58mm/s;
20231230_175517459,898.96mm;     40.87mm/s;
20231230_175517561,901.01mm;     44.14mm/s;
20231230_175517663,904.59mm;     77.30mm/s;
20231230_175517765,912.28mm;     245.22mm/s;
20231230_175517867,927.34mm;     312.50mm/s;
20231230_175517969,938.92mm;     264.18mm/s;
20231230_175518071,944.97mm;     -32.77mm/s;
20231230_175518172,945.38mm;     9.07mm/s;
20231230_175518223,945.48mm;     0.00mm/s;
20231230_175518325,945.69mm;     0.00mm/s;
20231230_175518427,946.20mm;     20.39mm/s;
20231230_175518529,951.73mm;     376.84mm/s;
20231230_175518630,962.08mm;     99.71mm/s;
20231230_175518732,968.95mm;     286.31mm/s;
20231230_175518833,984.12mm;     305.06mm/s;
20231230_175518935,996.72mm;     246.39mm/s;
20231230_175519037,1000.21mm;     38.62mm/s;
20231230_175519139,1002.97mm;     126.23mm/s;
20231230_175519240,1011.48mm;     175.51mm/s;
20231230_175519342,1019.17mm;     151.18mm/s;
20231230_175519443,1030.13mm;     226.77mm/s;
20231230_175519545,1045.82mm;     348.64mm/s;
20231230_175519647,1054.64mm;     37.96mm/s;
20231230_175519747,1055.97mm;     55.11mm/s;
20231230_175519849,1061.10mm;     196.36mm/s;
20231230_175519951,1076.99mm;     427.08mm/s;
20231230_175520053,1092.68mm;     248.79mm/s;
20231230_175520156,1105.60mm;     261.48mm/s;
20231230_175520257,1111.76mm;     55.41mm/s;
20231230_175520358,1115.96mm;     88.98mm/s;
20231230_175520460,1122.21mm;     139.27mm/s;
20231230_175520562,1123.85mm;     0.00mm/s;
20231230_175520664,1122.21mm;     -52.78mm/s;
20231230_175520765,1121.80mm;     6.39mm/s;
20231230_175520867,1122.93mm;     21.10mm/s;
20231230_175520969,1123.14mm;     0.00mm/s;
20231230_175521071,1123.14mm;     0.00mm/s;
20231230_175521172,1123.03mm;     0.00mm/s;
20231230_175521223,1123.34mm;     24.85mm/s;
20231230_175521324,1124.98mm;     34.72mm/s;
20231230_175521426,1126.93mm;     37.68mm/s;
20231230_175521529,1126.93mm;     0.00mm/s;
20231230_175521630,1126.83mm;     -1.16mm/s;
20231230_175521732,1126.83mm;     0.00mm/s;
20231230_175521834,1126.83mm;     0.00mm/s;
20231230_175521935,1126.83mm;     0.00mm/s;
20231230_175522036,1126.93mm;     0.00mm/s;
20231230_175522138,1126.93mm;     0.00mm/s;
20231230_175522239,1126.93mm;     0.00mm/s;
20231230_175522340,1126.93mm;     0.00mm/s;
20231230_175522442,1126.93mm;     0.00mm/s;
20231230_175522543,1126.93mm;     0.00mm/s;
20231230_175522645,1126.93mm;     0.00mm/s;
20231230_175522747,1126.93mm;     0.00mm/s;
20231230_175522849,1126.93mm;     0.00mm/s;
20231230_175522951,1126.93mm;     0.00mm/s;
20231230_175523052,1126.93mm;     0.00mm/s;
20231230_175523153,1126.93mm;     0.00mm/s;
20231230_175523255,1126.93mm;     0.00mm/s;
20231230_175523357,1126.93mm;     0.00mm/s;
20231230_175523459,1126.93mm;     0.00mm/s;
20231230_175523561,1126.93mm;     0.00mm/s;
20231230_175523663,1126.83mm;     0.00mm/s;
20231230_175523765,1126.83mm;     0.00mm/s;
20231230_175523866,1126.83mm;     0.00mm/s;
20231230_175523968,1126.83mm;     0.00mm/s;
20231230_175524070,1126.83mm;     0.00mm/s;
20231230_175524172,1126.83mm;     0.00mm/s;
20231230_175524223,1126.83mm;     0.00mm/s;
20231230_175524325,1126.83mm;     0.00mm/s;
20231230_175524426,1126.83mm;     0.00mm/s;
20231230_175524528,1126.83mm;     0.00mm/s;
20231230_175524630,1126.83mm;     0.00mm/s;
20231230_175524733,1126.83mm;     0.00mm/s;
20231230_175524834,1126.83mm;     0.00mm/s;
20231230_175524937,1126.83mm;     0.00mm/s;
20231230_175525039,1126.83mm;     0.00mm/s;
20231230_175525141,1126.83mm;     0.00mm/s;
20231230_175525243,1126.83mm;     0.00mm/s;
20231230_175525344,1126.83mm;     0.00mm/s;
20231230_175525446,1126.83mm;     0.00mm/s;
20231230_175525548,1126.83mm;     0.00mm/s;
20231230_175525650,1126.83mm;     0.00mm/s;
20231230_175525752,1126.83mm;     0.00mm/s;
20231230_175525854,1126.83mm;     0.00mm/s;
20231230_175525955,1126.83mm;     0.00mm/s;
20231230_175526058,1126.83mm;     0.00mm/s;
20231230_175526160,1126.83mm;     0.00mm/s;
20231230_175526261,1126.83mm;     0.00mm/s;
20231230_175526364,1126.83mm;     0.00mm/s;
20231230_175526464,1126.83mm;     0.00mm/s;
20231230_175526567,1126.83mm;     0.00mm/s;
20231230_175526618,1126.83mm;     0.00mm/s;
20231230_175526770,1126.83mm;     0.00mm/s;
20231230_175526821,1126.83mm;     0.00mm/s;
20231230_175526923,1126.83mm;     0.00mm/s;
20231230_175527024,1126.83mm;     0.00mm/s;
20231230_175527126,1126.83mm;     0.00mm/s;
20231230_175527228,1126.83mm;     0.00mm/s;
20231230_175527330,1126.83mm;     0.00mm/s;
20231230_175527431,1126.83mm;     0.00mm/s;
20231230_175527532,1126.83mm;     0.00mm/s;
20231230_175527634,1126.83mm;     0.00mm/s;
20231230_175527736,1126.83mm;     0.00mm/s;
20231230_175527837,1126.83mm;     0.00mm/s;
20231230_175527942,1126.83mm;     0.00mm/s;
20231230_175528043,1126.83mm;     0.00mm/s;
20231230_175528145,1126.83mm;     0.00mm/s;
20231230_175528247,1126.83mm;     0.00mm/s;
20231230_175528349,1126.83mm;     0.00mm/s;
20231230_175528451,1127.14mm;     31.95mm/s;
20231230_175528553,1131.75mm;     175.51mm/s;
20231230_175528655,1141.80mm;     183.69mm/s;
20231230_175528756,1149.28mm;     91.35mm/s;
20231230_175528857,1156.36mm;     154.37mm/s;
20231230_175528958,1165.69mm;     185.69mm/s;
20231230_175529059,1174.10mm;     196.36mm/s;
20231230_175529162,1188.35mm;     366.07mm/s;
20231230_175529265,1200.14mm;     196.36mm/s;
20231230_175529316,1208.96mm;     95.44mm/s;
20231230_175529469,1210.50mm;     16.03mm/s;
20231230_175529520,1212.86mm;     144.77mm/s;
20231230_175529623,1221.57mm;     207.49mm/s;
20231230_175529725,1234.70mm;     229.82mm/s;
20231230_175529827,1243.52mm;     235.09mm/s;
20231230_175529929,1252.85mm;     -67.08mm/s;
20231230_175530031,1252.44mm;     0.00mm/s;
20231230_175530133,1252.44mm;     0.00mm/s;
20231230_175530235,1252.44mm;     0.00mm/s;
20231230_175530337,1252.44mm;     0.00mm/s;
20231230_175530438,1252.44mm;     0.00mm/s;
20231230_175530540,1252.44mm;     0.00mm/s;
20231230_175530642,1252.44mm;     0.00mm/s;
20231230_175530744,1252.44mm;     0.00mm/s;
20231230_175530846,1252.44mm;     0.00mm/s;
20231230_175530948,1252.44mm;     0.00mm/s;
20231230_175531049,1252.34mm;     -8.16mm/s;
20231230_175531152,1252.23mm;     0.00mm/s;
20231230_175531253,1252.23mm;     0.00mm/s;
20231230_175531355,1252.23mm;     0.00mm/s;
20231230_175531457,1252.23mm;     0.00mm/s;
20231230_175531559,1252.03mm;     -3.76mm/s;
20231230_175531661,1251.82mm;     -8.38mm/s;
20231230_175531761,1251.72mm;     -1.49mm/s;
20231230_175531863,1251.72mm;     0.00mm/s;
20231230_175531966,1251.72mm;     -7.21mm/s;
20231230_175532017,1251.72mm;     0.00mm/s;
20231230_175532118,1251.72mm;     0.00mm/s;
20231230_175532220,1251.72mm;     0.00mm/s;
20231230_175532321,1251.72mm;     0.00mm/s;
20231230_175532423,1251.72mm;     0.00mm/s;
20231230_175532525,1251.72mm;     0.00mm/s;
20231230_175532627,1251.72mm;     0.00mm/s;
20231230_175532729,1251.72mm;     0.00mm/s;
20231230_175532830,1251.72mm;     0.00mm/s;
20231230_175532932,1251.72mm;     0.00mm/s;
20231230_175533034,1251.82mm;     0.19mm/s;
20231230_175533136,1251.82mm;     0.00mm/s;
20231230_175533238,1251.82mm;     0.00mm/s;
20231230_175533338,1251.82mm;     0.00mm/s;
20231230_175533441,1251.82mm;     0.00mm/s;
20231230_175533543,1251.82mm;     0.00mm/s;
20231230_175533645,1251.82mm;     0.00mm/s;
20231230_175533747,1251.82mm;     0.00mm/s;
20231230_175533848,1251.82mm;     0.00mm/s;
20231230_175533950,1251.82mm;     0.00mm/s;
20231230_175534052,1251.82mm;     0.00mm/s;
20231230_175534154,1251.82mm;     0.00mm/s;
20231230_175534256,1251.82mm;     0.00mm/s;
20231230_175534358,1251.82mm;     0.00mm/s;
20231230_175534460,1251.82mm;     0.00mm/s;
20231230_175534562,1251.82mm;     0.00mm/s;
20231230_175534664,1251.82mm;     0.00mm/s;
20231230_175534716,1251.82mm;     0.00mm/s;
20231230_175534817,1251.82mm;     0.00mm/s;
20231230_175534919,1251.82mm;     0.00mm/s;
20231230_175535022,1251.82mm;     0.00mm/s;
20231230_175535124,1251.82mm;     0.00mm/s;
20231230_175535226,1251.82mm;     0.00mm/s;
20231230_175535327,1251.82mm;     0.00mm/s;
20231230_175535429,1251.82mm;     0.00mm/s;
20231230_175535532,1251.82mm;     0.00mm/s;
20231230_175535635,1251.82mm;     0.00mm/s;
20231230_175535735,1251.82mm;     0.00mm/s;
20231230_175535837,1251.82mm;     0.00mm/s;
20231230_175535939,1251.82mm;     0.00mm/s;
20231230_175536041,1251.82mm;     0.00mm/s;
20231230_175536143,1251.82mm;     0.00mm/s;
20231230_175536245,1251.82mm;     0.00mm/s;
20231230_175536347,1251.82mm;     0.00mm/s;
20231230_175536448,1251.82mm;     0.00mm/s;
20231230_175536550,1251.82mm;     0.00mm/s;
20231230_175536652,1251.82mm;     0.00mm/s;
20231230_175536754,1251.82mm;     0.00mm/s;
20231230_175536857,1251.82mm;     0.00mm/s;
20231230_175536958,1251.82mm;     0.00mm/s;
20231230_175537060,1251.82mm;     0.00mm/s;
20231230_175537162,1251.82mm;     0.00mm/s;
20231230_175537213,1251.82mm;     0.00mm/s;
20231230_175537315,1251.82mm;     0.00mm/s;
20231230_175537417,1251.82mm;     0.00mm/s;
20231230_175537519,1251.82mm;     0.00mm/s;
20231230_175537622,1251.82mm;     0.00mm/s;
20231230_175537723,1251.82mm;     0.00mm/s;
20231230_175537825,1251.82mm;     0.00mm/s;
20231230_175537927,1251.82mm;     0.00mm/s;
20231230_175538029,1251.82mm;     0.00mm/s;
20231230_175538130,1251.82mm;     0.00mm/s;
20231230_175538236,1251.82mm;     0.00mm/s;
20231230_175538340,1251.82mm;     0.00mm/s;
20231230_175538442,1251.82mm;     0.00mm/s;
20231230_175538543,1251.82mm;     0.00mm/s;
20231230_175538646,1251.82mm;     0.00mm/s;
20231230_175538747,1251.82mm;     0.00mm/s;
20231230_175538849,1251.82mm;     0.00mm/s;
20231230_175538952,1251.82mm;     0.00mm/s;
20231230_175539054,1251.82mm;     0.00mm/s;
20231230_175539156,1251.82mm;     0.00mm/s;
20231230_175539258,1251.82mm;     0.00mm/s;
20231230_175539360,1251.82mm;     0.00mm/s;
20231230_175539462,1251.82mm;     0.00mm/s;
20231230_175539513,1252.23mm;     15.94mm/s;
20231230_175539615,1252.54mm;     3.15mm/s;
20231230_175539717,1252.85mm;     5.25mm/s;
20231230_175539819,1253.36mm;     13.00mm/s;
20231230_175539921,1253.67mm;     6.84mm/s;
20231230_175540022,1254.59mm;     48.30mm/s;
20231230_175540124,1277.36mm;     492.79mm/s;
20231230_175540225,1302.48mm;     488.10mm/s;
20231230_175540327,1322.47mm;     343.96mm/s;
20231230_175540429,1339.80mm;     318.32mm/s;
20231230_175540531,1354.98mm;     242.89mm/s;
20231230_175540634,1365.44mm;     136.30mm/s;
20231230_175540736,1384.71mm;     657.05mm/s;
20231230_175540837,1412.30mm;     470.18mm/s;
20231230_175540938,1421.42mm;     104.59mm/s;
20231230_175541039,1431.06mm;     247.58mm/s;
20231230_175541141,1449.52mm;     337.17mm/s;
20231230_175541244,1464.59mm;     240.61mm/s;
20231230_175541345,1477.31mm;     210.04mm/s;
20231230_175541448,1490.53mm;     391.22mm/s;
20231230_175541550,1516.07mm;     478.97mm/s;
20231230_175541652,1533.70mm;     427.08mm/s;
20231230_175541753,1548.37mm;     205.00mm/s;
20231230_175541855,1559.44mm;     294.54mm/s;
20231230_175541958,1561.18mm;     0.00mm/s;
20231230_175542059,1561.49mm;     20.22mm/s;
20231230_175542161,1573.69mm;     445.65mm/s;
20231230_175542263,1593.48mm;     222.83mm/s;
20231230_175542366,1605.89mm;     318.32mm/s;
20231230_175542417,1620.45mm;     280.05mm/s;
20231230_175542523,1630.30mm;     146.85mm/s;
20231230_175542626,1641.27mm;     274.06mm/s;
20231230_175542728,1656.24mm;     208.33mm/s;
20231230_175542829,1665.16mm;     164.26mm/s;
20231230_175542930,1674.59mm;     194.13mm/s;
20231230_175543031,1685.87mm;     189.11mm/s;
20231230_175543132,1693.36mm;     194.87mm/s;
20231230_175543233,1704.94mm;     244.05mm/s;
20231230_175543335,1710.17mm;     21.47mm/s;
20231230_175543438,1710.17mm;     0.00mm/s;
20231230_175543541,1710.17mm;     0.00mm/s;
20231230_175543642,1710.58mm;     8.71mm/s;
20231230_175543744,1711.10mm;     42.08mm/s;
20231230_175543846,1714.48mm;     61.90mm/s;
20231230_175543948,1720.12mm;     149.42mm/s;
20231230_175544050,1723.71mm;     18.76mm/s;
20231230_175544151,1725.45mm;     80.58mm/s;
20231230_175544253,1732.94mm;     200.20mm/s;
20231230_175544355,1740.01mm;     55.89mm/s;
20231230_175544457,1744.83mm;     179.82mm/s;
20231230_175544558,1753.65mm;     160.16mm/s;
20231230_175544660,1760.01mm;     168.59mm/s;
20231230_175544762,1768.93mm;     179.20mm/s;
20231230_175544864,1779.80mm;     218.09mm/s;
20231230_175544967,1788.00mm;     59.66mm/s;
20231230_175545018,1789.13mm;     42.64mm/s;
20231230_175545120,1790.46mm;     17.46mm/s;
20231230_175545222,1790.46mm;     0.00mm/s;
20231230_175545324,1790.46mm;     0.00mm/s;
20231230_175545425,1790.46mm;     0.00mm/s;
20231230_175545527,1790.46mm;     0.00mm/s;
20231230_175545629,1792.82mm;     48.44mm/s;
20231230_175545731,1796.10mm;     76.38mm/s;
20231230_175545833,1799.79mm;     138.51mm/s;
20231230_175545934,1809.94mm;     186.36mm/s;
20231230_175546035,1819.17mm;     186.36mm/s;
20231230_175546140,1827.89mm;     202.57mm/s;
20231230_175546244,1847.68mm;     438.03mm/s;
20231230_175546345,1860.09mm;     123.79mm/s;
20231230_175546447,1864.70mm;     160.66mm/s;
20231230_175546550,1867.67mm;     -12.32mm/s;
20231230_175546651,1867.67mm;     0.00mm/s;
20231230_175546753,1867.67mm;     0.84mm/s;
20231230_175546854,1867.88mm;     0.00mm/s;
20231230_175546956,1867.88mm;     0.00mm/s;
20231230_175547058,1867.88mm;     0.00mm/s;
20231230_175547159,1868.08mm;     2.66mm/s;
20231230_175547262,1868.49mm;     25.68mm/s;
20231230_175547363,1879.16mm;     742.75mm/s;
20231230_175547465,1911.76mm;     379.63mm/s;
20231230_175547567,1927.35mm;     226.77mm/s;
20231230_175547617,1936.17mm;     129.42mm/s;
20231230_175547719,1947.65mm;     310.61mm/s;
20231230_175547822,1965.39mm;     339.40mm/s;
20231230_175547923,1977.70mm;     178.57mm/s;
20231230_175548024,1989.18mm;     281.59mm/s;
20231230_175548126,1999.23mm;     173.14mm/s;
20231230_175548228,2011.13mm;     310.61mm/s;
20231230_175548331,2024.15mm;     209.18mm/s;
20231230_175548433,2029.89mm;     102.50mm/s;
20231230_175548535,2037.27mm;     201.77mm/s;
20231230_175548637,2049.58mm;     239.49mm/s;
20231230_175548738,2054.40mm;     30.08mm/s;
20231230_175548840,2054.70mm;     0.00mm/s;
20231230_175548942,2054.70mm;     0.00mm/s;
20231230_175549043,2054.70mm;     0.00mm/s;
20231230_175549145,2054.70mm;     0.00mm/s;
20231230_175549248,2055.01mm;     31.89mm/s;
20231230_175549350,2059.42mm;     117.55mm/s;
20231230_175549451,2067.42mm;     190.52mm/s;
20231230_175549553,2078.60mm;     247.58mm/s;
20231230_175549655,2091.52mm;     305.06mm/s;
20231230_175549757,2104.54mm;     222.83mm/s;
20231230_175549858,2114.59mm;     109.98mm/s;
20231230_175549960,2120.74mm;     122.02mm/s;
20231230_175550062,2126.79mm;     91.03mm/s;
20231230_175550164,2128.33mm;     6.17mm/s;
20231230_175550265,2128.43mm;     0.00mm/s;
20231230_175550367,2128.22mm;     -16.78mm/s;
20231230_175550419,2127.20mm;     -18.11mm/s;
20231230_175550521,2127.20mm;     0.00mm/s;
20231230_175550622,2127.40mm;     6.80mm/s;
20231230_175550725,2127.10mm;     0.00mm/s;
20231230_175550827,2126.99mm;     0.00mm/s;
20231230_175550929,2127.10mm;     0.00mm/s;
20231230_175551030,2128.12mm;     31.46mm/s;
20231230_175551131,2129.15mm;     -12.92mm/s;
20231230_175551234,2128.94mm;     0.00mm/s;
20231230_175551335,2129.56mm;     12.14mm/s;
20231230_175551437,2130.58mm;     33.45mm/s;
20231230_175551539,2130.28mm;     -24.31mm/s;
20231230_175551641,2130.17mm;     0.00mm/s;
20231230_175551743,2129.56mm;     -25.01mm/s;
20231230_175551844,2129.35mm;     2.95mm/s;
20231230_175551945,2129.25mm;     -2.06mm/s;
20231230_175552046,2128.74mm;     -4.30mm/s;
20231230_175552148,2128.84mm;     0.00mm/s;
20231230_175552249,2129.35mm;     28.01mm/s;
20231230_175552350,2129.45mm;     0.00mm/s;
20231230_175552453,2129.45mm;     0.00mm/s;
20231230_175552555,2129.45mm;     0.00mm/s;
20231230_175552657,2128.94mm;     -30.18mm/s;
20231230_175552758,2128.84mm;     10.78mm/s;
20231230_175552860,2128.84mm;     0.00mm/s;
20231230_175552962,2129.15mm;     7.39mm/s;
20231230_175553065,2129.15mm;     0.00mm/s;
20231230_175553166,2129.15mm;     0.00mm/s;
20231230_175553268,2129.15mm;     -2.26mm/s;
20231230_175553319,2129.15mm;     0.00mm/s;
20231230_175553423,2129.15mm;     0.00mm/s;
20231230_175553525,2129.15mm;     0.00mm/s;
20231230_175553627,2129.15mm;     0.00mm/s;
20231230_175553729,2129.15mm;     0.00mm/s;
20231230_175553831,2129.15mm;     0.00mm/s;
20231230_175553933,2129.15mm;     0.00mm/s;
20231230_175554035,2129.15mm;     0.00mm/s;
20231230_175554137,2129.15mm;     0.00mm/s;
20231230_175554239,2129.15mm;     0.00mm/s;
20231230_175554341,2129.15mm;     0.00mm/s;
20231230_175554442,2129.15mm;     0.00mm/s;
20231230_175554544,2129.15mm;     0.00mm/s;
20231230_175554646,2129.15mm;     0.00mm/s;
20231230_175554747,2129.15mm;     0.00mm/s;
20231230_175554848,2129.15mm;     0.00mm/s;
20231230_175554950,2129.15mm;     0.00mm/s;
20231230_175555052,2129.15mm;     0.00mm/s;
20231230_175555153,2129.15mm;     0.00mm/s;
20231230_175555255,2129.15mm;     0.00mm/s;
20231230_175555357,2129.15mm;     0.00mm/s;
20231230_175555460,2129.15mm;     0.00mm/s;
20231230_175555561,2129.15mm;     0.00mm/s;
20231230_175555663,2129.76mm;     17.81mm/s;
20231230_175555764,2131.20mm;     59.94mm/s;
20231230_175555866,2137.15mm;     205.00mm/s;
20231230_175555917,2147.81mm;     230.86mm/s;
20231230_175556019,2161.24mm;     341.67mm/s;
20231230_175556121,2176.11mm;     100.89mm/s;
20231230_175556224,2176.21mm;     5.87mm/s;
20231230_175556325,2192.52mm;     470.18mm/s;
20231230_175556427,2208.41mm;     222.83mm/s;
20231230_175556529,2226.05mm;     449.56mm/s;
20231230_175556631,2247.27mm;     266.93mm/s;
20231230_175556733,2260.81mm;     230.86mm/s;
20231230_175556835,2272.60mm;     289.55mm/s;
20231230_175556937,2286.13mm;     269.74mm/s;
20231230_175557039,2297.82mm;     177.34mm/s;
20231230_175557141,2306.54mm;     314.42mm/s;
20231230_175557243,2322.02mm;     231.90mm/s;
20231230_175557345,2328.59mm;     142.76mm/s;
20231230_175557446,2336.99mm;     258.84mm/s;
20231230_175557546,2350.84mm;     222.83mm/s;
20231230_175557649,2357.40mm;     95.79mm/s;
20231230_175557750,2366.22mm;     254.98mm/s;
20231230_175557852,2375.55mm;     107.67mm/s;
20231230_175557953,2380.88mm;     125.00mm/s;
20231230_175558055,2387.75mm;     178.57mm/s;
20231230_175558157,2401.70mm;     337.17mm/s;
20231230_175558262,2420.87mm;     353.45mm/s;
20231230_175558363,2435.74mm;     301.47mm/s;
20231230_175558465,2441.99mm;     23.16mm/s;
20231230_175558568,2447.12mm;     187.73mm/s;
20231230_175558670,2464.35mm;     453.54mm/s;
20231230_175558721,2478.29mm;     226.77mm/s;
20231230_175558823,2483.42mm;     63.27mm/s;
20231230_175558926,2483.73mm;     12.82mm/s;
20231230_175559028,2483.73mm;     0.00mm/s;
20231230_175559128,2483.62mm;     -1.07mm/s;
20231230_175559230,2483.52mm;     0.00mm/s;
20231230_175559331,2483.32mm;     -34.54mm/s;
20231230_175559433,2483.32mm;     9.51mm/s;
20231230_175559534,2483.32mm;     0.00mm/s;
20231230_175559637,2483.32mm;     0.00mm/s;
20231230_175559738,2483.62mm;     9.84mm/s;
20231230_175559840,2483.73mm;     0.00mm/s;
20231230_175559941,2483.62mm;     0.00mm/s;
20231230_175600043,2484.24mm;     63.27mm/s;
20231230_175600145,2508.44mm;     657.05mm/s;
20231230_175600247,2536.23mm;     242.89mm/s;
20231230_175600350,2540.23mm;     82.79mm/s;
20231230_175600452,2552.22mm;     314.42mm/s;
20231230_175600554,2572.42mm;     453.54mm/s;
20231230_175600655,2590.06mm;     214.44mm/s;
20231230_175600757,2593.65mm;     34.12mm/s;
20231230_175600859,2599.70mm;     165.86mm/s;
20231230_175600961,2608.11mm;     216.24mm/s;
20231230_175601064,2622.46mm;     385.34mm/s;
20231230_175601166,2639.38mm;     281.59mm/s;
20231230_175601267,2657.43mm;     275.54mm/s;
20231230_175601369,2666.76mm;     102.30mm/s;
20231230_175601471,2675.58mm;     239.49mm/s;
20231230_175601522,2691.47mm;     248.79mm/s;
20231230_175601623,2702.44mm;     250.00mm/s;
20231230_175601725,2717.41mm;     328.53mm/s;
20231230_175601827,2727.16mm;     127.17mm/s;
20231230_175601929,2736.08mm;     287.92mm/s;
20231230_175602032,2748.38mm;     112.64mm/s;
20231230_175602134,2749.30mm;     0.00mm/s;
20231230_175602236,2749.41mm;     0.00mm/s;
20231230_175602338,2749.30mm;     -1.48mm/s;
20231230_175602440,2749.20mm;     0.00mm/s;
20231230_175602542,2749.30mm;     1.15mm/s;
20231230_175602645,2750.02mm;     16.05mm/s;
20231230_175602747,2752.38mm;     38.53mm/s;
20231230_175602848,2755.25mm;     100.69mm/s;
20231230_175602949,2763.15mm;     266.93mm/s;
20231230_175603051,2779.25mm;     251.23mm/s;
20231230_175603153,2785.70mm;     110.45mm/s;
20231230_175603254,2790.32mm;     63.27mm/s;
20231230_175603356,2790.73mm;     14.51mm/s;
20231230_175603458,2790.32mm;     -29.02mm/s;
20231230_175603560,2790.11mm;     0.00mm/s;
20231230_175603661,2790.22mm;     1.55mm/s;
20231230_175603763,2790.22mm;     0.00mm/s;
20231230_175603865,2790.22mm;     0.00mm/s;
20231230_175603967,2790.52mm;     -25.28mm/s;
20231230_175604069,2790.42mm;     0.00mm/s;
20231230_175604171,2790.42mm;     3.90mm/s;
20231230_175604222,2791.14mm;     29.59mm/s;
20231230_175604324,2790.52mm;     -29.80mm/s;
20231230_175604426,2790.63mm;     2.63mm/s;
20231230_175604528,2791.04mm;     18.75mm/s;
20231230_175604630,2799.34mm;     420.08mm/s;
20231230_175604732,2812.16mm;     85.56mm/s;
20231230_175604832,2817.49mm;     260.15mm/s;
20231230_175604934,2835.64mm;     366.07mm/s;
20231230_175605036,2850.51mm;     137.40mm/s;
20231230_175605138,2855.33mm;     65.96mm/s;
20231230_175605240,2859.23mm;     152.99mm/s;
20231230_175605342,2867.63mm;     105.02mm/s;
20231230_175605444,2869.68mm;     17.59mm/s;
20231230_175605546,2869.79mm;     0.00mm/s;
20231230_175605648,2870.50mm;     13.99mm/s;
20231230_175605750,2870.61mm;     0.00mm/s;
20231230_175605852,2872.15mm;     83.74mm/s;
20231230_175605953,2879.43mm;     225.77mm/s;
20231230_175606055,2887.63mm;     107.22mm/s;
20231230_175606156,2892.04mm;     68.52mm/s;
20231230_175606258,2892.45mm;     0.00mm/s;
20231230_175606360,2892.45mm;     0.00mm/s;
20231230_175606461,2892.24mm;     0.00mm/s;
20231230_175606562,2892.35mm;     1.38mm/s;
20231230_175606664,2892.14mm;     -11.74mm/s;
20231230_175606766,2891.83mm;     -20.74mm/s;
20231230_175606868,2890.81mm;     -21.14mm/s;
20231230_175606970,2890.40mm;     -8.71mm/s;
20231230_175607072,2888.96mm;     -14.05mm/s;
20231230_175607173,2888.96mm;     0.00mm/s;
20231230_175607224,2888.96mm;     0.00mm/s;
20231230_175607326,2888.96mm;     0.00mm/s;
20231230_175607428,2888.96mm;     0.00mm/s;
20231230_175607530,2888.96mm;     0.00mm/s;
20231230_175607631,2888.96mm;     0.00mm/s;
20231230_175607732,2889.06mm;     0.00mm/s;
20231230_175607834,2889.06mm;     0.00mm/s;
20231230_175607937,2889.06mm;     0.00mm/s;
20231230_175608040,2889.06mm;     0.00mm/s;
20231230_175608142,2889.06mm;     0.00mm/s;
20231230_175608243,2889.06mm;     0.00mm/s;
20231230_175608346,2889.06mm;     0.00mm/s;
20231230_175608449,2889.06mm;     0.00mm/s;
20231230_175608550,2889.06mm;     0.00mm/s;
20231230_175608652,2889.06mm;     0.00mm/s;
20231230_175608754,2889.06mm;     0.00mm/s;
20231230_175608855,2889.06mm;     0.00mm/s;
20231230_175608956,2889.06mm;     0.00mm/s;
20231230_175609059,2889.06mm;     0.00mm/s;
20231230_175609160,2889.06mm;     0.00mm/s;
20231230_175609263,2889.06mm;     0.00mm/s;
20231230_175609365,2889.06mm;     0.00mm/s;
20231230_175609466,2889.06mm;     0.00mm/s;
20231230_175609569,2889.06mm;     0.00mm/s;
20231230_175609671,2889.06mm;     0.00mm/s;
20231230_175609722,2889.17mm;     0.00mm/s;
20231230_175609823,2889.17mm;     0.00mm/s;
20231230_175609926,2889.17mm;     0.00mm/s;
20231230_175610027,2889.17mm;     0.00mm/s;
20231230_175610129,2889.17mm;     0.00mm/s;
20231230_175610231,2889.17mm;     0.00mm/s;
20231230_175610331,2889.17mm;     0.00mm/s;
20231230_175610433,2889.17mm;     0.00mm/s;
20231230_175610536,2889.17mm;     0.00mm/s;
20231230_175610637,2889.17mm;     0.00mm/s;
20231230_175610738,2889.17mm;     0.00mm/s;
20231230_175610840,2889.88mm;     38.50mm/s;
20231230_175610942,2893.78mm;     108.58mm/s;
20231230_175611044,2900.04mm;     84.71mm/s;
20231230_175611145,2905.37mm;     197.12mm/s;
20231230_175611248,2920.95mm;     328.53mm/s;
20231230_175611350,2940.95mm;     492.79mm/s;
20231230_175611459,2959.30mm;     212.66mm/s;
20231230_175611561,2968.33mm;     283.15mm/s;
20231230_175611663,2984.22mm;     343.96mm/s;
20231230_175611764,2998.27mm;     275.54mm/s;
20231230_175611866,3014.67mm;     237.27mm/s;
20231230_175611968,3021.03mm;     57.65mm/s;
20231230_175612070,3022.88mm;     27.13mm/s;
20231230_175612121,3023.08mm;     0.00mm/s;
20231230_175612223,3023.08mm;     0.00mm/s;
20231230_175612325,3023.08mm;     0.00mm/s;
20231230_175612426,3023.08mm;     0.00mm/s;
20231230_175612528,3023.08mm;     0.00mm/s;
20231230_175612630,3023.19mm;     0.00mm/s;
20231230_175612731,3023.39mm;     12.10mm/s;
20231230_175612833,3023.60mm;     0.00mm/s;
20231230_175612935,3023.80mm;     4.01mm/s;
20231230_175613037,3023.80mm;     0.00mm/s;
20231230_175613139,3023.90mm;     0.00mm/s;
20231230_175613240,3023.90mm;     1.30mm/s;
20231230_175613342,3024.01mm;     0.00mm/s;
20231230_175613444,3024.11mm;     1.36mm/s;
20231230_175613546,3024.11mm;     0.00mm/s;
20231230_175613649,3024.11mm;     0.00mm/s;
20231230_175613751,3024.11mm;     0.00mm/s;
20231230_175613853,3024.21mm;     0.50mm/s;
20231230_175613954,3024.21mm;     0.00mm/s;
20231230_175614056,3024.21mm;     0.00mm/s;
20231230_175614158,3024.21mm;     0.00mm/s;
20231230_175614261,3024.21mm;     0.00mm/s;
20231230_175614363,3024.21mm;     0.00mm/s;
20231230_175614465,3024.21mm;     0.00mm/s;
20231230_175614567,3024.31mm;     0.29mm/s;
20231230_175614669,3024.31mm;     0.00mm/s;
20231230_175614720,3024.31mm;     0.00mm/s;
20231230_175614821,3026.06mm;     96.70mm/s;
20231230_175614924,3034.57mm;     219.02mm/s;
20231230_175615026,3045.85mm;     244.05mm/s;
20231230_175615128,3054.36mm;     112.14mm/s;
20231230_175615229,3060.61mm;     130.41mm/s;
20231230_175615331,3069.74mm;     284.72mm/s;
20231230_175615433,3085.32mm;     360.92mm/s;
20231230_175615534,3097.94mm;     93.35mm/s;
20231230_175615636,3097.83mm;     6.44mm/s;
20231230_175615739,3097.83mm;     0.00mm/s;
20231230_175615840,3097.83mm;     0.00mm/s;
20231230_175615942,3097.83mm;     0.00mm/s;
20231230_175616044,3097.83mm;     0.00mm/s;
20231230_175616146,3097.83mm;     0.00mm/s;
20231230_175616248,3098.24mm;     -9.39mm/s;
20231230_175616349,3098.24mm;     0.00mm/s;
20231230_175616450,3098.14mm;     0.00mm/s;
20231230_175616553,3097.94mm;     -3.32mm/s;
20231230_175616654,3097.94mm;     0.00mm/s;
20231230_175616756,3097.83mm;     -1.01mm/s;
20231230_175616858,3097.83mm;     0.00mm/s;
20231230_175616960,3097.94mm;     0.94mm/s;
20231230_175617062,3098.04mm;     2.18mm/s;
20231230_175617164,3098.24mm;     2.89mm/s;
20231230_175617266,3098.14mm;     0.00mm/s;
20231230_175617367,3102.04mm;     197.88mm/s;
20231230_175617469,3113.93mm;     268.32mm/s;
20231230_175617520,3134.24mm;     522.96mm/s;
20231230_175617622,3155.67mm;     457.59mm/s;
20231230_175617725,3176.48mm;     320.31mm/s;
20231230_175617826,3185.71mm;     257.54mm/s;
20231230_175617928,3201.40mm;     308.73mm/s;
20231230_175618030,3210.11mm;     114.14mm/s;
20231230_175618132,3221.19mm;     280.05mm/s;
20231230_175618234,3237.70mm;     297.97mm/s;
20231230_175618335,3243.85mm;     74.17mm/s;
20231230_175618437,3250.51mm;     185.69mm/s;
20231230_175618539,3260.67mm;     147.27mm/s;
20231230_175618641,3262.41mm;     0.00mm/s;
20231230_175618743,3262.72mm;     8.78mm/s;
20231230_175618844,3262.72mm;     0.00mm/s;
20231230_175618946,3262.82mm;     0.87mm/s;
20231230_175619048,3265.79mm;     54.99mm/s;
20231230_175619150,3266.41mm;     10.77mm/s;
20231230_175619252,3266.82mm;     11.36mm/s;
20231230_175619353,3267.33mm;     0.00mm/s;
20231230_175619455,3267.33mm;     0.00mm/s;
20231230_175619557,3267.33mm;     0.00mm/s;
20231230_175619659,3267.33mm;     0.00mm/s;
20231230_175619761,3267.33mm;     0.00mm/s;
20231230_175619863,3267.43mm;     0.00mm/s;
20231230_175619964,3267.54mm;     0.00mm/s;
20231230_175620066,3267.74mm;     4.69mm/s;
20231230_175620168,3267.74mm;     0.00mm/s;
20231230_175620219,3267.74mm;     0.00mm/s;
20231230_175620321,3267.74mm;     0.00mm/s;
20231230_175620423,3267.74mm;     0.00mm/s;
20231230_175620525,3267.74mm;     0.00mm/s;
20231230_175620627,3267.74mm;     0.00mm/s;
20231230_175620729,3267.84mm;     0.00mm/s;
20231230_175620831,3267.84mm;     0.00mm/s;
20231230_175620933,3267.84mm;     0.00mm/s;
20231230_175621035,3267.84mm;     0.00mm/s;
20231230_175621136,3267.84mm;     0.00mm/s;
20231230_175621238,3267.84mm;     0.00mm/s;
20231230_175621340,3267.84mm;     0.00mm/s;
20231230_175621442,3267.84mm;     0.00mm/s;
20231230_175621543,3267.84mm;     0.00mm/s;
20231230_175621645,3267.84mm;     0.00mm/s;
20231230_175621746,3267.84mm;     0.00mm/s;
20231230_175621848,3267.84mm;     0.00mm/s;
20231230_175621949,3267.84mm;     0.00mm/s;
20231230_175622051,3267.84mm;     0.00mm/s;
20231230_175622153,3267.84mm;     0.00mm/s;
20231230_175622255,3268.36mm;     17.13mm/s;
20231230_175622357,3270.61mm;     85.56mm/s;
20231230_175622459,3273.59mm;     39.64mm/s;
20231230_175622561,3274.51mm;     7.66mm/s;
20231230_175622663,3274.92mm;     6.21mm/s;
20231230_175622765,3275.02mm;     3.51mm/s;
20231230_175622866,3275.12mm;     0.00mm/s;
20231230_175622917,3275.12mm;     0.00mm/s;
20231230_175623070,3275.23mm;     0.00mm/s;
20231230_175623121,3275.33mm;     0.00mm/s;
20231230_175623226,3275.33mm;     0.00mm/s;
20231230_175623328,3275.33mm;     0.00mm/s;
20231230_175623429,3275.43mm;     0.61mm/s;
20231230_175623531,3275.43mm;     0.00mm/s;
20231230_175623634,3275.53mm;     0.91mm/s;
20231230_175623735,3275.53mm;     0.00mm/s;
20231230_175623836,3276.05mm;     37.77mm/s;
20231230_175623940,3282.20mm;     268.32mm/s;
20231230_175624041,3295.94mm;     312.50mm/s;
20231230_175624143,3311.63mm;     291.19mm/s;
20231230_175624245,3327.42mm;     337.17mm/s;
20231230_175624346,3347.11mm;     330.65mm/s;
20231230_175624447,3360.95mm;     205.00mm/s;
20231230_175624549,3370.08mm;     181.74mm/s;
20231230_175624651,3376.64mm;     67.26mm/s;
20231230_175624753,3379.51mm;     39.82mm/s;
20231230_175624854,3382.38mm;     87.91mm/s;
20231230_175624956,3387.51mm;     133.12mm/s;
20231230_175625058,3394.68mm;     75.04mm/s;
20231230_175625160,3394.68mm;     -10.95mm/s;
20231230_175625262,3394.58mm;     0.00mm/s;
20231230_175625363,3394.58mm;     0.00mm/s;
20231230_175625465,3394.58mm;     0.00mm/s;
20231230_175625567,3394.58mm;     0.00mm/s;
20231230_175625618,3394.58mm;     0.00mm/s;
20231230_175625720,3394.58mm;     0.00mm/s;
20231230_175625822,3394.58mm;     0.00mm/s;
20231230_175625924,3394.58mm;     0.00mm/s;
20231230_175626026,3394.58mm;     0.00mm/s;
20231230_175626128,3394.58mm;     0.00mm/s;
20231230_175626230,3394.58mm;     0.00mm/s;
20231230_175626331,3394.58mm;     0.00mm/s;
20231230_175626433,3394.58mm;     0.00mm/s;
20231230_175626535,3394.58mm;     0.00mm/s;
20231230_175626637,3394.58mm;     0.00mm/s;
20231230_175626739,3394.58mm;     0.00mm/s;
20231230_175626841,3394.58mm;     0.00mm/s;
20231230_175626943,3394.58mm;     0.00mm/s;
20231230_175627045,3394.58mm;     0.00mm/s;
20231230_175627147,3394.58mm;     0.00mm/s;
20231230_175627248,3394.58mm;     0.00mm/s;
20231230_175627351,3394.58mm;     0.00mm/s;
20231230_175627453,3394.58mm;     0.00mm/s;
20231230_175627555,3394.58mm;     0.00mm/s;
20231230_175627658,3394.58mm;     0.00mm/s;
20231230_175627759,3394.58mm;     0.00mm/s;
20231230_175627861,3394.68mm;     0.00mm/s;
20231230_175627964,3394.68mm;     0.00mm/s;
20231230_175628066,3394.68mm;     0.00mm/s;
20231230_175628117,3394.68mm;     0.00mm/s;
20231230_175628219,3394.68mm;     0.00mm/s;
20231230_175628322,3394.68mm;     0.00mm/s;
20231230_175628424,3394.68mm;     0.00mm/s;
20231230_175628527,3394.68mm;     0.00mm/s;
20231230_175628628,3394.68mm;     0.00mm/s;
20231230_175628731,3394.79mm;     0.00mm/s;
20231230_175628833,3394.99mm;     2.82mm/s;
20231230_175628935,3395.09mm;     3.26mm/s;
20231230_175629038,3395.09mm;     0.00mm/s;
20231230_175629139,3395.20mm;     0.86mm/s;
20231230_175629240,3395.20mm;     0.00mm/s;
20231230_175629342,3395.20mm;     0.00mm/s;
20231230_175629445,3395.20mm;     0.00mm/s;
20231230_175629545,3395.20mm;     0.00mm/s;
20231230_175629647,3395.20mm;     0.00mm/s;
20231230_175629748,3395.20mm;     0.00mm/s;
20231230_175629850,3400.63mm;     258.84mm/s;
20231230_175629952,3405.86mm;     13.16mm/s;
20231230_175630053,3406.27mm;     5.67mm/s;
20231230_175630156,3406.27mm;     0.00mm/s;
20231230_175630257,3406.27mm;     0.00mm/s;
20231230_175630359,3406.27mm;     0.00mm/s;
20231230_175630462,3406.27mm;     0.00mm/s;
20231230_175630563,3406.17mm;     -0.42mm/s;
20231230_175630614,3406.17mm;     0.00mm/s;
20231230_175630716,3406.17mm;     13.92mm/s;
20231230_175630818,3406.17mm;     19.39mm/s;
20231230_175630921,3406.17mm;     0.00mm/s;
20231230_175631023,3406.27mm;     0.88mm/s;
20231230_175631125,3406.27mm;     0.00mm/s;
20231230_175631227,3406.37mm;     0.00mm/s;
20231230_175631329,3406.99mm;     -10.51mm/s;
20231230_175631431,3406.89mm;     0.00mm/s;
20231230_175631533,3406.78mm;     0.00mm/s;
20231230_175631635,3406.68mm;     0.00mm/s;
20231230_175631737,3406.58mm;     0.00mm/s;
20231230_175631839,3406.58mm;     0.00mm/s;
20231230_175631939,3406.78mm;     3.33mm/s;
20231230_175632041,3410.37mm;     420.08mm/s;
20231230_175632143,3429.55mm;     281.59mm/s;
20231230_175632245,3459.18mm;     582.39mm/s;
20231230_175632347,3473.74mm;     178.57mm/s;
20231230_175632450,3489.84mm;     416.67mm/s;
20231230_175632551,3510.55mm;     343.96mm/s;
20231230_175632653,3518.45mm;     11.72mm/s;
20231230_175632755,3520.81mm;     57.78mm/s;
20231230_175632856,3528.29mm;     225.77mm/s;
20231230_175632957,3554.03mm;     657.05mm/s;
20231230_175633059,3574.74mm;     284.72mm/s;
20231230_175633160,3586.02mm;     208.33mm/s;
20231230_175633262,3597.10mm;     200.98mm/s;
20231230_175633363,3606.84mm;     341.67mm/s;
20231230_175633415,3632.78mm;     366.07mm/s;
20231230_175633567,3643.03mm;     140.80mm/s;
20231230_175633618,3648.57mm;     127.81mm/s;
20231230_175633720,3652.67mm;     30.76mm/s;
20231230_175633822,3652.57mm;     22.22mm/s;
20231230_175633923,3653.70mm;     15.03mm/s;
20231230_175634025,3654.31mm;     12.30mm/s;
20231230_175634127,3654.72mm;     8.91mm/s;
20231230_175634229,3654.93mm;     3.79mm/s;
20231230_175634331,3655.03mm;     1.52mm/s;
20231230_175634433,3655.13mm;     0.00mm/s;
20231230_175634535,3655.24mm;     0.00mm/s;
20231230_175634638,3655.24mm;     0.00mm/s;
20231230_175634740,3655.34mm;     0.00mm/s;
20231230_175634842,3655.34mm;     0.00mm/s;
20231230_175634944,3655.44mm;     0.77mm/s;
20231230_175635045,3655.44mm;     0.00mm/s;
20231230_175635147,3655.54mm;     1.27mm/s;
20231230_175635249,3655.54mm;     0.00mm/s;
20231230_175635351,3655.54mm;     0.00mm/s;
20231230_175635453,3655.54mm;     0.00mm/s;
20231230_175635554,3655.65mm;     0.48mm/s;
20231230_175635656,3655.75mm;     2.16mm/s;
20231230_175635758,3655.75mm;     0.00mm/s;
20231230_175635859,3655.85mm;     0.00mm/s;
20231230_175635961,3655.85mm;     0.00mm/s;
20231230_175636063,3655.95mm;     0.00mm/s;
20231230_175636115,3655.95mm;     0.00mm/s;
20231230_175636216,3655.95mm;     0.00mm/s;
20231230_175636319,3656.06mm;     0.00mm/s;
20231230_175636421,3656.06mm;     0.00mm/s;
20231230_175636523,3656.06mm;     0.00mm/s;
20231230_175636624,3656.06mm;     0.00mm/s;
20231230_175636726,3656.98mm;     52.46mm/s;
20231230_175636827,3660.47mm;     52.24mm/s;
20231230_175636929,3662.82mm;     51.30mm/s;
20231230_175637030,3666.00mm;     310.61mm/s;
20231230_175637132,3691.23mm;     488.10mm/s;
20231230_175637234,3713.99mm;     146.85mm/s;
20231230_175637337,3713.38mm;     50.64mm/s;
20231230_175637438,3713.48mm;     0.00mm/s;
20231230_175637540,3714.09mm;     32.83mm/s;
20231230_175637642,3730.70mm;     406.75mm/s;
20231230_175637744,3746.29mm;     337.17mm/s;
20231230_175637846,3756.75mm;     -10.99mm/s;
20231230_175637947,3766.08mm;     413.31mm/s;
20231230_175638049,3789.56mm;     427.08mm/s;
20231230_175638151,3806.79mm;     169.14mm/s;
20231230_175638254,3812.02mm;     234.02mm/s;
20231230_175638356,3826.17mm;     326.43mm/s;
20231230_175638459,3839.60mm;     244.05mm/s;
20231230_175638561,3853.75mm;     394.23mm/s;
20231230_175638663,3872.00mm;     445.65mm/s;
20231230_175638765,3893.95mm;     406.75mm/s;
20231230_175638817,3910.05mm;     358.39mm/s;
20231230_175638919,3918.97mm;     70.59mm/s;
20231230_175639021,3921.33mm;     19.60mm/s;
20231230_175639122,3921.63mm;     22.05mm/s;
20231230_175639224,3922.66mm;     0.00mm/s;
20231230_175639326,3923.17mm;     7.87mm/s;
20231230_175639428,3925.43mm;     103.54mm/s;
20231230_175639530,3935.58mm;     110.22mm/s;
20231230_175639633,3939.27mm;     86.13mm/s;
20231230_175639735,3944.70mm;     129.09mm/s;
20231230_175639836,3950.65mm;     132.77mm/s;
20231230_175639937,3967.67mm;     441.81mm/s;
20231230_175640039,3983.26mm;     240.61mm/s;
20231230_175640141,3998.23mm;     280.05mm/s;
20231230_175640244,4013.92mm;     391.22mm/s;
20231230_175640345,4025.50mm;     185.02mm/s;
20231230_175640447,4031.86mm;     91.68mm/s;
20231230_175640548,4044.27mm;     410.00mm/s;
20231230_175640650,4065.50mm;     355.90mm/s;
20231230_175640751,4085.80mm;     528.35mm/s;
20231230_175640852,4107.84mm;     394.23mm/s;
20231230_175640954,4123.12mm;     196.36mm/s;
20231230_175641056,4127.53mm;     30.16mm/s;
20231230_175641158,4132.45mm;     193.40mm/s;
20231230_175641260,4150.19mm;     310.61mm/s;
20231230_175641362,4163.42mm;     237.27mm/s;
20231230_175641463,4179.42mm;     371.38mm/s;
20231230_175641566,4189.16mm;     156.73mm/s;
20231230_175641668,4198.49mm;     205.00mm/s;
20231230_175641770,4212.64mm;     374.09mm/s;
20231230_175641821,4226.07mm;     161.67mm/s;
20231230_175641923,4232.33mm;     148.55mm/s;
20231230_175642025,4241.55mm;     183.04mm/s;
20231230_175642127,4248.12mm;     75.81mm/s;
20231230_175642229,4254.88mm;     214.44mm/s;
20231230_175642330,4264.93mm;     209.18mm/s;
20231230_175642431,4275.39mm;     261.48mm/s;
20231230_175642532,4280.62mm;     -11.46mm/s;
20231230_175642634,4280.72mm;     14.50mm/s;
20231230_175642735,4281.95mm;     40.90mm/s;
20231230_175642836,4287.29mm;     145.18mm/s;
20231230_175642939,4294.36mm;     113.89mm/s;
20231230_175643041,4295.80mm;     0.00mm/s;
20231230_175643143,4295.90mm;     1.55mm/s;
20231230_175643245,4297.54mm;     83.47mm/s;
20231230_175643347,4299.28mm;     33.04mm/s;
20231230_175643448,4299.28mm;     0.00mm/s;
20231230_175643550,4299.28mm;     0.00mm/s;
20231230_175643652,4299.28mm;     0.00mm/s;
20231230_175643753,4299.28mm;     0.00mm/s;
20231230_175643854,4299.28mm;     0.00mm/s;
20231230_175643957,4299.28mm;     0.00mm/s;
20231230_175644058,4299.28mm;     0.00mm/s;
20231230_175644160,4299.28mm;     0.00mm/s;
20231230_175644265,4299.28mm;     0.00mm/s;
20231230_175644367,4299.28mm;     0.00mm/s;
20231230_175644469,4299.28mm;     0.00mm/s;
20231230_175644521,4299.28mm;     0.00mm/s;
20231230_175644622,4299.28mm;     0.00mm/s;
20231230_175644724,4299.28mm;     0.00mm/s;
20231230_175644826,4299.28mm;     0.00mm/s;
20231230_175644929,4299.28mm;     0.00mm/s;
20231230_175645031,4299.28mm;     0.00mm/s;
20231230_175645133,4299.28mm;     0.00mm/s;
20231230_175645235,4299.28mm;     0.00mm/s;
20231230_175645336,4299.28mm;     0.00mm/s;
20231230_175645438,4299.28mm;     0.00mm/s;
20231230_175645540,4299.28mm;     0.00mm/s;
20231230_175645641,4299.28mm;     0.00mm/s;
20231230_175645743,4299.28mm;     0.00mm/s;
20231230_175645845,4299.28mm;     0.00mm/s;
20231230_175645948,4299.28mm;     0.00mm/s;
20231230_175646049,4299.28mm;     0.00mm/s;
20231230_175646150,4299.28mm;     0.00mm/s;
20231230_175646253,4299.28mm;     0.00mm/s;
20231230_175646354,4299.28mm;     0.00mm/s;
20231230_175646455,4299.28mm;     0.00mm/s;
20231230_175646557,4299.28mm;     0.00mm/s;
20231230_175646658,4299.28mm;     0.00mm/s;
20231230_175646760,4299.28mm;     0.00mm/s;
20231230_175646862,4299.28mm;     0.00mm/s;
20231230_175646964,4299.28mm;     0.00mm/s;
20231230_175647066,4299.28mm;     0.00mm/s;
20231230_175647167,4299.28mm;     0.00mm/s;
20231230_175647219,4299.28mm;     0.00mm/s;
20231230_175647322,4299.28mm;     0.00mm/s;
20231230_175647424,4299.28mm;     0.00mm/s;
20231230_175647525,4299.28mm;     0.00mm/s;
20231230_175647627,4299.28mm;     0.00mm/s;
20231230_175647729,4299.28mm;     0.00mm/s;
20231230_175647829,4299.28mm;     0.00mm/s;
20231230_175647931,4299.28mm;     0.00mm/s;
20231230_175648033,4299.28mm;     0.00mm/s;
20231230_175648135,4299.28mm;     0.00mm/s;
20231230_175648236,4299.28mm;     0.00mm/s;
20231230_175648342,4299.28mm;     0.00mm/s;
20231230_175648445,4299.28mm;     0.00mm/s;
20231230_175648547,4299.28mm;     0.00mm/s;
20231230_175648648,4299.28mm;     0.00mm/s;
20231230_175648751,4299.28mm;     0.00mm/s;
20231230_175648853,4299.28mm;     0.00mm/s;
20231230_175648955,4299.28mm;     0.00mm/s;
20231230_175649057,4299.28mm;     0.00mm/s;
20231230_175649159,4299.28mm;     0.00mm/s;
20231230_175649261,4299.28mm;     0.00mm/s;
20231230_175649363,4299.28mm;     0.00mm/s;
20231230_175649465,4299.28mm;     0.00mm/s;
20231230_175649516,4299.28mm;     0.00mm/s;
20231230_175649618,4299.28mm;     0.00mm/s;
20231230_175649720,4299.28mm;     0.00mm/s;
20231230_175649822,4299.28mm;     0.00mm/s;
20231230_175649924,4299.28mm;     0.00mm/s;
20231230_175650026,4299.28mm;     0.00mm/s;
20231230_175650128,4299.28mm;     0.00mm/s;
20231230_175650230,4299.28mm;     0.00mm/s;
20231230_175650332,4299.28mm;     0.00mm/s;
20231230_175650434,4299.28mm;     0.00mm/s;
20231230_175650536,4299.28mm;     0.00mm/s;
20231230_175650637,4299.39mm;     0.03mm/s;
20231230_175650738,4299.39mm;     0.00mm/s;
20231230_175650840,4299.39mm;     0.00mm/s;
20231230_175650942,4299.39mm;     0.00mm/s;
20231230_175651044,4299.39mm;     0.00mm/s;
20231230_175651146,4299.39mm;     0.00mm/s;
20231230_175651248,4299.39mm;     0.00mm/s;
20231230_175651350,4299.39mm;     0.00mm/s;
20231230_175651451,4299.39mm;     0.00mm/s;
20231230_175651553,4299.39mm;     0.00mm/s;
20231230_175651656,4299.39mm;     0.00mm/s;
20231230_175651758,4299.39mm;     0.00mm/s;
20231230_175651859,4299.39mm;     0.00mm/s;
20231230_175651961,4299.39mm;     0.00mm/s;
20231230_175652063,4299.39mm;     0.00mm/s;
20231230_175652165,4299.39mm;     0.00mm/s;
20231230_175652216,4299.39mm;     0.00mm/s;
20231230_175652318,4299.39mm;     0.00mm/s;
20231230_175652420,4299.39mm;     0.00mm/s;
20231230_175652521,4299.39mm;     0.00mm/s;
20231230_175652624,4299.39mm;     0.00mm/s;
20231230_175652726,4299.39mm;     0.00mm/s;
20231230_175652827,4299.39mm;     0.00mm/s;
20231230_175652930,4299.39mm;     0.00mm/s;
20231230_175653031,4299.39mm;     0.00mm/s;
20231230_175653133,4299.39mm;     0.00mm/s;
20231230_175653235,4299.39mm;     0.00mm/s;
20231230_175653338,4299.39mm;     0.00mm/s;
20231230_175653438,4299.39mm;     0.00mm/s;
20231230_175653540,4299.39mm;     0.00mm/s;
20231230_175653643,4299.39mm;     0.00mm/s;
20231230_175653745,4299.39mm;     0.00mm/s;
20231230_175653847,4299.39mm;     0.00mm/s;
20231230_175653948,4299.39mm;     0.00mm/s;
20231230_175654050,4299.39mm;     0.00mm/s;
20231230_175654152,4299.39mm;     0.00mm/s;
20231230_175654253,4299.39mm;     0.00mm/s;
20231230_175654355,4299.39mm;     0.00mm/s;
20231230_175654457,4299.39mm;     0.00mm/s;
20231230_175654558,4299.39mm;     0.00mm/s;
20231230_175654659,4299.39mm;     0.00mm/s;
20231230_175654761,4299.39mm;     0.00mm/s;
20231230_175654812,4299.39mm;     0.00mm/s;
20231230_175654913,4299.39mm;     0.00mm/s;
20231230_175655016,4299.39mm;     0.00mm/s;
20231230_175655117,4299.39mm;     0.00mm/s;
20231230_175655220,4299.39mm;     0.00mm/s;
20231230_175655323,4299.39mm;     0.00mm/s;
20231230_175655424,4299.39mm;     0.00mm/s;
20231230_175655526,4299.39mm;     0.00mm/s;
20231230_175655629,4299.39mm;     0.00mm/s;
20231230_175655731,4299.39mm;     0.00mm/s;
20231230_175655832,4299.39mm;     0.00mm/s;
20231230_175655934,4299.39mm;     0.00mm/s;
20231230_175656036,4299.39mm;     0.00mm/s;
20231230_175656138,4299.39mm;     0.00mm/s;
20231230_175656240,4299.39mm;     0.00mm/s;
20231230_175656341,4299.39mm;     0.00mm/s;
20231230_175656442,4299.39mm;     0.00mm/s;
20231230_175656544,4299.39mm;     0.00mm/s;
20231230_175656646,4299.39mm;     0.00mm/s;
20231230_175656748,4299.39mm;     0.00mm/s;
20231230_175656849,4299.39mm;     0.00mm/s;
20231230_175656951,4299.39mm;     0.00mm/s;
20231230_175657052,4299.39mm;     0.00mm/s;
20231230_175657154,4299.39mm;     0.00mm/s;
20231230_175657256,4299.39mm;     0.00mm/s;
20231230_175657358,4299.39mm;     0.00mm/s;
20231230_175657410,4299.39mm;     0.00mm/s;
20231230_175657512,4299.39mm;     0.00mm/s;
20231230_175657613,4299.39mm;     0.00mm/s;
20231230_175657715,4299.39mm;     0.00mm/s;
20231230_175657818,4299.39mm;     0.00mm/s;
20231230_175657919,4299.39mm;     0.00mm/s;
20231230_175658023,4299.39mm;     0.00mm/s;
20231230_175658125,4299.39mm;     0.00mm/s;
20231230_175658226,4299.39mm;     0.00mm/s;
20231230_175658328,4299.39mm;     0.00mm/s;
20231230_175658430,4299.39mm;     0.00mm/s;
20231230_175658531,4299.39mm;     0.00mm/s;
20231230_175658633,4299.39mm;     0.00mm/s;
20231230_175658734,4299.39mm;     0.00mm/s;
20231230_175658836,4299.39mm;     0.00mm/s;
20231230_175658937,4299.39mm;     0.00mm/s;
20231230_175659039,4299.39mm;     0.00mm/s;
20231230_175659142,4299.39mm;     0.00mm/s;
20231230_175659244,4299.39mm;     0.00mm/s;
20231230_175659346,4299.39mm;     0.00mm/s;
20231230_175659447,4299.39mm;     0.00mm/s;
20231230_175659550,4299.39mm;     0.00mm/s;
20231230_175659652,4299.39mm;     0.00mm/s;
20231230_175659754,4299.39mm;     0.00mm/s;
20231230_175659855,4299.39mm;     0.00mm/s;
20231230_175659906,4299.39mm;     0.00mm/s;
20231230_175700009,4299.39mm;     0.00mm/s;
20231230_175700110,4299.39mm;     0.00mm/s;
20231230_175700213,4299.39mm;     0.00mm/s;
20231230_175700314,4299.39mm;     0.00mm/s;
20231230_175700416,4299.39mm;     0.00mm/s;
20231230_175700517,4299.39mm;     0.00mm/s;
20231230_175700619,4299.39mm;     0.00mm/s;
20231230_175700721,4299.39mm;     0.00mm/s;
20231230_175700823,4299.39mm;     0.00mm/s;
20231230_175700924,4299.39mm;     0.00mm/s;
20231230_175701026,4299.39mm;     0.00mm/s;
20231230_175701128,4299.39mm;     0.00mm/s;
20231230_175701229,4299.39mm;     0.00mm/s;
20231230_175701331,4299.39mm;     0.00mm/s;
20231230_175701433,4299.39mm;     0.00mm/s;
20231230_175701535,4299.39mm;     0.00mm/s;
20231230_175701637,4299.39mm;     0.00mm/s;
20231230_175701739,4299.39mm;     0.00mm/s;
20231230_175701841,4299.39mm;     0.00mm/s;
20231230_175701943,4299.39mm;     0.00mm/s;
20231230_175702045,4299.39mm;     0.00mm/s;
20231230_175702147,4299.39mm;     0.00mm/s;
20231230_175702250,4299.39mm;     0.00mm/s;
20231230_175702352,4299.39mm;     0.00mm/s;
20231230_175702454,4299.39mm;     0.00mm/s;
20231230_175702556,4299.39mm;     0.00mm/s;
20231230_175702607,4299.39mm;     0.00mm/s;
20231230_175702710,4299.39mm;     0.00mm/s;
20231230_175702811,4299.39mm;     0.00mm/s;
20231230_175702912,4299.39mm;     0.00mm/s;
20231230_175703014,4299.39mm;     0.00mm/s;
20231230_175703116,4299.39mm;     0.00mm/s;
20231230_175703217,4299.39mm;     0.00mm/s;
20231230_175703319,4299.39mm;     0.00mm/s;
20231230_175703420,4299.39mm;     0.00mm/s;
20231230_175703522,4299.39mm;     0.00mm/s;
20231230_175703623,4299.39mm;     0.00mm/s;
20231230_175703724,4299.39mm;     0.00mm/s;
20231230_175703827,4299.39mm;     0.00mm/s;
20231230_175703929,4299.39mm;     0.00mm/s;
20231230_175704030,4299.39mm;     0.00mm/s;
20231230_175704132,4299.39mm;     0.00mm/s;
20231230_175704235,4299.39mm;     0.00mm/s;
20231230_175704336,4299.39mm;     0.00mm/s;
20231230_175704438,4299.39mm;     0.00mm/s;
20231230_175704540,4299.39mm;     0.00mm/s;
20231230_175704642,4299.39mm;     0.00mm/s;
20231230_175704744,4299.39mm;     0.00mm/s;
20231230_175704845,4299.39mm;     0.00mm/s;
20231230_175704947,4299.39mm;     0.00mm/s;
20231230_175705049,4299.39mm;     0.00mm/s;
20231230_175705151,4299.39mm;     0.00mm/s;
20231230_175705202,4299.39mm;     0.00mm/s;
20231230_175705304,4299.39mm;     0.00mm/s;
20231230_175705406,4299.39mm;     0.00mm/s;
20231230_175705508,4299.39mm;     0.00mm/s;
20231230_175705610,4299.39mm;     0.00mm/s;
20231230_175705713,4299.39mm;     0.00mm/s;
20231230_175705814,4299.39mm;     0.00mm/s;
20231230_175705916,4299.39mm;     0.00mm/s;
20231230_175706018,4299.39mm;     0.00mm/s;
20231230_175706120,4299.39mm;     0.00mm/s;
20231230_175706222,4299.39mm;     0.00mm/s;
20231230_175706324,4299.39mm;     0.00mm/s;
20231230_175706426,4299.39mm;     0.00mm/s;
20231230_175706529,4299.39mm;     0.00mm/s;
20231230_175706631,4299.39mm;     0.00mm/s;
20231230_175706733,4299.39mm;     0.00mm/s;
20231230_175706835,4299.39mm;     0.00mm/s;
20231230_175706937,4299.39mm;     0.00mm/s;
20231230_175707039,4299.39mm;     0.00mm/s;
20231230_175707141,4299.39mm;     0.00mm/s;
20231230_175707242,4299.39mm;     0.00mm/s;
20231230_175707344,4299.39mm;     0.00mm/s;
20231230_175707446,4299.39mm;     0.00mm/s;
20231230_175707548,4299.39mm;     0.00mm/s;
20231230_175707650,4299.39mm;     0.00mm/s;
20231230_175707701,4299.39mm;     0.00mm/s;
20231230_175707803,4299.39mm;     0.00mm/s;
20231230_175707905,4299.39mm;     0.00mm/s;
20231230_175708007,4299.39mm;     0.00mm/s;
20231230_175708109,4299.39mm;     0.00mm/s;
20231230_175708210,4299.39mm;     0.00mm/s;
20231230_175708314,4299.39mm;     0.00mm/s;
20231230_175708416,4299.39mm;     0.00mm/s;
20231230_175708519,4299.39mm;     0.00mm/s;
20231230_175708621,4299.39mm;     0.00mm/s;
20231230_175708722,4299.39mm;     0.00mm/s;
20231230_175708823,4299.39mm;     0.00mm/s;
20231230_175708926,4299.39mm;     0.00mm/s;
20231230_175709027,4299.39mm;     0.00mm/s;
20231230_175709129,4300.31mm;     54.99mm/s;
20231230_175709231,4308.92mm;     220.91mm/s;
20231230_175709333,4320.20mm;     209.18mm/s;
20231230_175709434,4327.89mm;     -31.33mm/s;
20231230_175709535,4328.00mm;     0.00mm/s;
20231230_175709637,4328.00mm;     0.00mm/s;
20231230_175709738,4328.00mm;     -4.68mm/s;
20231230_175709840,4328.10mm;     0.00mm/s;
20231230_175709942,4328.10mm;     0.00mm/s;
20231230_175710043,4328.20mm;     0.94mm/s;
20231230_175710145,4328.20mm;     3.66mm/s;
20231230_175710247,4329.02mm;     18.34mm/s;
20231230_175710347,4333.02mm;     406.75mm/s;
20231230_175710449,4356.30mm;     366.07mm/s;
20231230_175710551,4374.04mm;     289.55mm/s;
20231230_175710602,4384.39mm;     102.91mm/s;
20231230_175710704,4385.21mm;     38.94mm/s;
20231230_175710805,4389.52mm;     48.03mm/s;
20231230_175710908,4390.34mm;     69.73mm/s;
20231230_175711009,4398.95mm;     297.97mm/s;
20231230_175711111,4419.56mm;     545.21mm/s;
20231230_175711213,4441.61mm;     474.54mm/s;
20231230_175711315,4453.20mm;     -78.73mm/s;
20231230_175711417,4451.04mm;     -32.77mm/s;
20231230_175711519,4453.71mm;     134.16mm/s;
20231230_175711621,4464.58mm;     326.43mm/s;
20231230_175711722,4474.83mm;     44.33mm/s;
20231230_175711823,4479.96mm;     316.36mm/s;
20231230_175711924,4501.59mm;     483.49mm/s;
20231230_175712026,4526.10mm;     394.23mm/s;
20231230_175712128,4546.71mm;     310.61mm/s;
20231230_175712230,4552.56mm;     77.30mm/s;
20231230_175712332,4564.96mm;     416.67mm/s;
20231230_175712434,4580.34mm;     185.02mm/s;
20231230_175712536,4588.24mm;     125.31mm/s;
20231230_175712638,4591.83mm;     39.06mm/s;
20231230_175712740,4595.83mm;     176.12mm/s;
20231230_175712842,4603.31mm;     108.12mm/s;
20231230_175712944,4610.29mm;     223.80mm/s;
20231230_175713046,4620.33mm;     113.38mm/s;
20231230_175713147,4621.77mm;     0.00mm/s;
20231230_175713248,4622.18mm;     16.24mm/s;
20231230_175713350,4626.08mm;     163.74mm/s;
20231230_175713401,4634.28mm;     110.69mm/s;
20231230_175713554,4634.69mm;     0.00mm/s;
20231230_175713605,4634.89mm;     3.59mm/s;
20231230_175713707,4635.10mm;     0.00mm/s;
20231230_175713809,4635.20mm;     1.51mm/s;
20231230_175713910,4635.61mm;     6.66mm/s;
20231230_175714012,4635.61mm;     0.00mm/s;
20231230_175714113,4636.02mm;     13.66mm/s;
20231230_175714216,4644.02mm;     589.08mm/s;
20231230_175714318,4680.63mm;     692.57mm/s;
20231230_175714420,4703.08mm;     310.61mm/s;
20231230_175714522,4710.26mm;     78.85mm/s;
20231230_175714623,4717.75mm;     228.79mm/s;
20231230_175714725,4722.98mm;     25.20mm/s;
20231230_175714826,4727.38mm;     128.13mm/s;
20231230_175714929,4733.95mm;     149.42mm/s;
20231230_175715031,4740.71mm;     107.89mm/s;
20231230_175715132,4743.07mm;     37.14mm/s;
20231230_175715234,4744.51mm;     88.51mm/s;
20231230_175715337,4753.22mm;     287.92mm/s;
20231230_175715439,4763.38mm;     124.39mm/s;
20231230_175715540,4768.40mm;     135.94mm/s;
20231230_175715642,4778.45mm;     188.42mm/s;
20231230_175715744,4789.01mm;     197.12mm/s;
20231230_175715845,4793.73mm;     39.85mm/s;
20231230_175715947,4793.73mm;     0.00mm/s;
20231230_175716049,4793.93mm;     12.52mm/s;
20231230_175716150,4793.93mm;     0.00mm/s;
20231230_175716252,4793.93mm;     0.00mm/s;
20231230_175716355,4793.93mm;     0.00mm/s;
20231230_175716405,4793.93mm;     0.00mm/s;
20231230_175716507,4793.93mm;     0.00mm/s;
20231230_175716609,4793.93mm;     0.00mm/s;
20231230_175716711,4793.93mm;     0.00mm/s;
20231230_175716813,4793.93mm;     0.00mm/s;
20231230_175716915,4794.45mm;     32.17mm/s;
20231230_175717017,4798.14mm;     21.60mm/s;
20231230_175717118,4798.14mm;     0.00mm/s;
20231230_175717220,4798.14mm;     0.00mm/s;
20231230_175717322,4798.14mm;     0.00mm/s;
20231230_175717425,4798.14mm;     0.00mm/s;
20231230_175717525,4798.14mm;     0.00mm/s;
20231230_175717627,4798.14mm;     0.00mm/s;
20231230_175717729,4798.14mm;     0.00mm/s;
20231230_175717831,4798.14mm;     0.00mm/s;
20231230_175717933,4798.14mm;     0.00mm/s;
20231230_175718038,4798.14mm;     0.00mm/s;
20231230_175718140,4798.14mm;     0.00mm/s;
20231230_175718241,4798.14mm;     0.00mm/s;
20231230_175718345,4798.14mm;     0.00mm/s;
20231230_175718447,4798.14mm;     0.00mm/s;
20231230_175718548,4798.14mm;     0.00mm/s;
20231230_175718651,4798.14mm;     0.00mm/s;
20231230_175718702,4798.14mm;     0.00mm/s;
20231230_175718804,4798.14mm;     0.00mm/s;
20231230_175718906,4798.14mm;     0.00mm/s;
20231230_175719009,4798.14mm;     0.00mm/s;
20231230_175719111,4798.14mm;     0.00mm/s;
20231230_175719213,4798.14mm;     0.00mm/s;
20231230_175719316,4798.14mm;     0.00mm/s;
20231230_175719417,4798.14mm;     0.00mm/s;
20231230_175719518,4798.14mm;     0.00mm/s;
20231230_175719620,4798.14mm;     0.00mm/s;
20231230_175719722,4798.14mm;     0.00mm/s;
20231230_175719824,4798.14mm;     0.00mm/s;
20231230_175719926,4798.14mm;     0.00mm/s;
20231230_175720029,4798.14mm;     0.00mm/s;
20231230_175720130,4798.14mm;     0.00mm/s;
20231230_175720232,4798.14mm;     0.00mm/s;
20231230_175720334,4798.14mm;     0.00mm/s;
20231230_175720436,4798.14mm;     0.00mm/s;
20231230_175720537,4798.14mm;     0.00mm/s;
20231230_175720639,4798.14mm;     0.00mm/s;
20231230_175720740,4798.14mm;     0.00mm/s;
20231230_175720842,4798.14mm;     0.00mm/s;
20231230_175720945,4798.14mm;     0.00mm/s;
20231230_175721047,4798.14mm;     0.00mm/s;
20231230_175721150,4798.14mm;     0.00mm/s;
20231230_175721201,4798.14mm;     0.00mm/s;
20231230_175721305,4798.14mm;     0.00mm/s;
20231230_175721406,4798.14mm;     0.00mm/s;
20231230_175721508,4798.14mm;     0.00mm/s;
20231230_175721610,4798.14mm;     0.00mm/s;
20231230_175721711,4798.14mm;     0.00mm/s;
20231230_175721812,4798.14mm;     0.00mm/s;
20231230_175721913,4798.14mm;     0.00mm/s;
20231230_175722015,4798.14mm;     0.00mm/s;
20231230_175722117,4798.14mm;     0.00mm/s;
20231230_175722218,4798.14mm;     0.00mm/s;
20231230_175722320,4798.14mm;     0.00mm/s;
20231230_175722423,4798.14mm;     0.00mm/s;
20231230_175722524,4798.14mm;     0.00mm/s;
20231230_175722626,4798.14mm;     0.00mm/s;
20231230_175722728,4798.14mm;     0.00mm/s;
20231230_175722829,4798.14mm;     0.00mm/s;
20231230_175722931,4798.14mm;     0.00mm/s;
20231230_175723033,4798.14mm;     0.00mm/s;
20231230_175723134,4798.14mm;     0.00mm/s;
20231230_175723236,4798.14mm;     0.00mm/s;
20231230_175723337,4798.14mm;     0.00mm/s;
20231230_175723439,4798.14mm;     0.00mm/s;
20231230_175723540,4798.14mm;     0.00mm/s;
20231230_175723642,4798.14mm;     0.00mm/s;
20231230_175723744,4798.14mm;     0.00mm/s;
20231230_175723846,4798.14mm;     0.00mm/s;
20231230_175723948,4798.14mm;     0.00mm/s;
20231230_175723999,4798.14mm;     0.00mm/s;
20231230_175724101,4798.14mm;     0.00mm/s;
20231230_175724202,4798.14mm;     0.00mm/s;
20231230_175724304,4798.14mm;     0.00mm/s;
20231230_175724406,4798.14mm;     0.00mm/s;
20231230_175724508,4798.14mm;     0.00mm/s;
20231230_175724610,4799.16mm;     35.89mm/s;
20231230_175724712,4801.73mm;     62.96mm/s;
20231230_175724813,4805.31mm;     88.21mm/s;
20231230_175724914,4808.80mm;     51.25mm/s;
20231230_175725016,4813.21mm;     117.82mm/s;
20231230_175725118,4819.36mm;     146.85mm/s;
20231230_175725220,4830.44mm;     269.74mm/s;
20231230_175725323,4847.25mm;     324.37mm/s;
20231230_175725425,4865.81mm;     291.19mm/s;
20231230_175725526,4872.68mm;     42.11mm/s;
20231230_175725628,4875.04mm;     55.23mm/s;
20231230_175725729,4877.60mm;     46.25mm/s;
20231230_175725831,4882.73mm;     102.30mm/s;
20231230_175725933,4886.32mm;     24.36mm/s;
20231230_175726035,4887.14mm;     28.05mm/s;
20231230_175726137,4888.58mm;     27.06mm/s;
20231230_175726239,4888.88mm;     0.00mm/s;
20231230_175726340,4888.88mm;     0.00mm/s;
20231230_175726442,4888.88mm;     0.00mm/s;
20231230_175726544,4888.88mm;     0.00mm/s;
20231230_175726645,4888.88mm;     0.00mm/s;
20231230_175726696,4888.88mm;     0.00mm/s;
20231230_175726849,4888.88mm;     0.00mm/s;
20231230_175726899,4890.01mm;     35.86mm/s;
20231230_175727002,4890.63mm;     8.81mm/s;
20231230_175727103,4890.83mm;     4.21mm/s;
20231230_175727205,4891.55mm;     17.27mm/s;
20231230_175727307,4891.86mm;     4.05mm/s;
20231230_175727409,4891.96mm;     3.45mm/s;
20231230_175727510,4892.06mm;     1.54mm/s;
20231230_175727612,4892.06mm;     0.00mm/s;
20231230_175727714,4892.16mm;     1.03mm/s;
20231230_175727816,4892.27mm;     0.00mm/s;
20231230_175727917,4892.27mm;     0.00mm/s;
20231230_175728019,4892.37mm;     0.80mm/s;
20231230_175728121,4892.37mm;     0.00mm/s;
20231230_175728222,4892.37mm;     0.00mm/s;
20231230_175728324,4892.47mm;     0.69mm/s;
20231230_175728427,4892.47mm;     0.00mm/s;
20231230_175728528,4892.47mm;     0.00mm/s;
20231230_175728629,4892.47mm;     0.00mm/s;
20231230_175728731,4892.47mm;     0.00mm/s;
20231230_175728833,4892.58mm;     0.41mm/s;
20231230_175728935,4892.58mm;     0.00mm/s;
20231230_175729036,4892.58mm;     0.00mm/s;
20231230_175729137,4892.58mm;     0.00mm/s;
20231230_175729238,4892.58mm;     0.00mm/s;
20231230_175729343,4892.58mm;     0.00mm/s;
20231230_175729445,4892.58mm;     0.00mm/s;
20231230_175729547,4892.58mm;     0.00mm/s;
20231230_175729598,4892.58mm;     0.00mm/s;
20231230_175729700,4892.58mm;     0.00mm/s;
20231230_175729802,4892.58mm;     0.00mm/s;
20231230_175729904,4892.58mm;     0.00mm/s;
20231230_175730006,4892.58mm;     0.00mm/s;
20231230_175730108,4892.58mm;     0.00mm/s;
20231230_175730209,4892.58mm;     0.00mm/s;
20231230_175730310,4892.58mm;     0.00mm/s;
20231230_175730412,4892.58mm;     0.00mm/s;
20231230_175730513,4892.58mm;     0.00mm/s;
20231230_175730615,4892.58mm;     0.00mm/s;
20231230_175730717,4892.58mm;     0.00mm/s;
20231230_175730818,4892.58mm;     0.00mm/s;
20231230_175730918,4892.58mm;     0.00mm/s;
20231230_175731020,4892.68mm;     0.00mm/s;
20231230_175731122,4892.68mm;     0.00mm/s;
20231230_175731223,4892.68mm;     0.00mm/s;
20231230_175731325,4892.68mm;     0.00mm/s;
20231230_175731427,4892.68mm;     0.00mm/s;
20231230_175731528,4892.68mm;     0.00mm/s;
20231230_175731629,4892.68mm;     0.00mm/s;
20231230_175731732,4892.68mm;     0.00mm/s;
20231230_175731834,4892.68mm;     0.00mm/s;
20231230_175731936,4892.68mm;     0.00mm/s;
20231230_175732037,4892.68mm;     0.00mm/s;
20231230_175732139,4892.68mm;     0.00mm/s;
20231230_175732240,4892.68mm;     0.00mm/s;
20231230_175732342,4892.68mm;     0.00mm/s;
20231230_175732393,4892.68mm;     0.00mm/s;
20231230_175732495,4892.68mm;     0.00mm/s;
20231230_175732597,4892.68mm;     0.00mm/s;
20231230_175732699,4892.68mm;     0.00mm/s;
20231230_175732800,4892.68mm;     0.00mm/s;
20231230_175732902,4892.68mm;     0.00mm/s;
20231230_175733003,4892.68mm;     0.00mm/s;
20231230_175733105,4892.68mm;     0.00mm/s;
20231230_175733207,4892.68mm;     0.00mm/s;
20231230_175733309,4892.68mm;     0.00mm/s;
20231230_175733412,4892.68mm;     0.00mm/s;
20231230_175733513,4892.68mm;     0.00mm/s;
20231230_175733615,4892.68mm;     0.00mm/s;
20231230_175733716,4892.68mm;     0.00mm/s;
20231230_175733817,4892.68mm;     0.00mm/s;
20231230_175733920,4892.68mm;     0.00mm/s;
20231230_175734022,4892.68mm;     0.00mm/s;
20231230_175734123,4892.68mm;     0.00mm/s;
20231230_175734225,4892.68mm;     0.00mm/s;
20231230_175734327,4892.68mm;     0.00mm/s;
20231230_175734428,4892.68mm;     0.00mm/s;
20231230_175734530,4892.68mm;     0.00mm/s;
20231230_175734632,4892.68mm;     0.00mm/s;
20231230_175734734,4892.68mm;     0.00mm/s;
20231230_175734836,4892.68mm;     0.00mm/s;
20231230_175734937,4892.68mm;     0.00mm/s;
20231230_175735040,4892.68mm;     0.00mm/s;
20231230_175735142,4892.68mm;     0.00mm/s;
20231230_175735193,4892.78mm;     0.00mm/s;
20231230_175735295,4892.78mm;     0.00mm/s;
20231230_175735396,4892.78mm;     0.00mm/s;
20231230_175735498,4892.78mm;     0.00mm/s;
20231230_175735600,4892.78mm;     0.00mm/s;
20231230_175735702,4892.78mm;     0.00mm/s;
20231230_175735810,4892.78mm;     0.00mm/s;
20231230_175735912,4892.78mm;     0.00mm/s;
20231230_175736014,4892.78mm;     0.00mm/s;
20231230_175736117,4892.78mm;     0.00mm/s;
20231230_175736219,4892.78mm;     0.00mm/s;
20231230_175736321,4892.78mm;     0.00mm/s;
20231230_175736422,4892.78mm;     0.00mm/s;
20231230_175736524,4892.78mm;     0.00mm/s;
20231230_175736626,4892.78mm;     0.00mm/s;
20231230_175736728,4892.78mm;     0.00mm/s;
20231230_175736829,4892.78mm;     0.00mm/s;
20231230_175736932,4892.78mm;     0.00mm/s;
20231230_175737035,4892.78mm;     0.00mm/s;
20231230_175737136,4892.78mm;     0.00mm/s;
20231230_175737238,4892.78mm;     0.00mm/s;
20231230_175737289,4892.78mm;     0.00mm/s;
20231230_175737391,4892.78mm;     0.00mm/s;
20231230_175737493,4892.78mm;     0.00mm/s;
20231230_175737596,4892.78mm;     0.00mm/s;
20231230_175737697,4892.78mm;     0.00mm/s;
20231230_175737799,4892.78mm;     0.00mm/s;
20231230_175737901,4892.78mm;     0.00mm/s;
20231230_175738003,4892.78mm;     0.00mm/s;
20231230_175738107,4892.78mm;     0.00mm/s;
20231230_175738208,4892.78mm;     0.00mm/s;
20231230_175738310,4892.78mm;     0.00mm/s;
20231230_175738411,4892.78mm;     0.00mm/s;
20231230_175738513,4892.78mm;     0.00mm/s;
20231230_175738614,4892.78mm;     0.00mm/s;
20231230_175738716,4892.78mm;     0.00mm/s;
20231230_175738818,4892.78mm;     0.00mm/s;
20231230_175738920,4892.78mm;     0.00mm/s;
20231230_175739022,4892.78mm;     0.00mm/s;
20231230_175739124,4892.78mm;     0.00mm/s;
20231230_175739226,4892.78mm;     0.00mm/s;
20231230_175739329,4892.78mm;     0.00mm/s;
20231230_175739431,4892.78mm;     0.00mm/s;
20231230_175739532,4892.78mm;     0.00mm/s;
20231230_175739634,4892.78mm;     0.00mm/s;
20231230_175739736,4892.78mm;     0.00mm/s;
20231230_175739787,4892.78mm;     0.00mm/s;
20231230_175739889,4892.78mm;     0.00mm/s;
20231230_175739991,4892.78mm;     0.00mm/s;
20231230_175740092,4892.78mm;     0.00mm/s;
20231230_175740194,4892.78mm;     0.00mm/s;
20231230_175740295,4892.78mm;     0.00mm/s;
20231230_175740397,4892.78mm;     0.00mm/s;
20231230_175740498,4892.78mm;     0.00mm/s;
20231230_175740600,4892.78mm;     0.00mm/s;
20231230_175740703,4892.78mm;     0.00mm/s;
20231230_175740805,4892.88mm;     0.00mm/s;
20231230_175740907,4892.88mm;     0.00mm/s;
20231230_175741009,4892.88mm;     0.00mm/s;
20231230_175741112,4892.88mm;     0.00mm/s;
20231230_175741213,4892.88mm;     0.00mm/s;
20231230_175741314,4892.88mm;     0.00mm/s;
20231230_175741417,4892.88mm;     0.00mm/s;
20231230_175741519,4892.88mm;     0.00mm/s;
20231230_175741621,4892.88mm;     0.00mm/s;
20231230_175741723,4892.88mm;     0.00mm/s;
20231230_175741825,4892.88mm;     0.00mm/s;
20231230_175741927,4892.88mm;     0.00mm/s;
20231230_175742028,4892.88mm;     0.00mm/s;
20231230_175742129,4892.88mm;     0.00mm/s;
20231230_175742231,4892.88mm;     0.00mm/s;
20231230_175742332,4892.88mm;     0.00mm/s;
20231230_175742383,4892.88mm;     0.00mm/s;
20231230_175742486,4892.88mm;     0.00mm/s;
20231230_175742588,4892.88mm;     0.00mm/s;
20231230_175742690,4892.88mm;     0.00mm/s;
20231230_175742792,4892.88mm;     0.00mm/s;
20231230_175742893,4892.88mm;     0.00mm/s;
20231230_175742995,4892.88mm;     0.00mm/s;
20231230_175743096,4892.88mm;     0.00mm/s;
20231230_175743198,4892.88mm;     0.00mm/s;
20231230_175743300,4892.88mm;     0.00mm/s;
20231230_175743403,4892.88mm;     0.00mm/s;
20231230_175743505,4892.88mm;     0.00mm/s;
20231230_175743607,4892.88mm;     0.00mm/s;
20231230_175743709,4892.88mm;     0.00mm/s;
20231230_175743811,4892.88mm;     0.00mm/s;
20231230_175743913,4892.88mm;     0.00mm/s;
20231230_175744015,4892.88mm;     0.00mm/s;
20231230_175744117,4892.88mm;     0.00mm/s;
20231230_175744220,4892.88mm;     0.00mm/s;
20231230_175744322,4892.88mm;     0.00mm/s;
20231230_175744424,4892.88mm;     0.00mm/s;
20231230_175744526,4892.88mm;     0.00mm/s;
20231230_175744628,4892.88mm;     0.00mm/s;
20231230_175744730,4892.88mm;     0.00mm/s;
20231230_175744831,4892.88mm;     0.00mm/s;
20231230_175744882,4892.88mm;     0.00mm/s;
20231230_175744984,4892.88mm;     0.00mm/s;
20231230_175745086,4892.88mm;     0.00mm/s;
20231230_175745188,4892.88mm;     0.00mm/s;
20231230_175745290,4892.88mm;     0.00mm/s;
20231230_175745392,4892.88mm;     0.00mm/s;
20231230_175745494,4892.88mm;     0.00mm/s;
20231230_175745595,4892.88mm;     0.00mm/s;
