m1_idx,m2_plane,m2_roi,col1,row1,z1,x2,y2,z2,x1_in_m2,y1_in_m2,d_xy_px,d_z_um,corr,cost
0,24,3,43.7642783887284,193.58123874153182,-1.0,43.15107913669065,193.14388489208633,5.0,43.59359770301236,192.82627191043986,0.5447023844722787,6.0,0.6606436923396695,9.43182853767889
1,29,1,234.57207653616567,23.67203563493365,8.0,234.1027397260274,23.84931506849315,15.0,233.65724543767462,23.57971469595741,0.5207201953317826,7.0,0.6457909562281089,10.054901070769604
2,29,0,38.23610850341585,146.30388178195105,4.0,38.161764705882355,146.31617647058823,15.0,38.08698768025253,145.73329664300144,0.5876567850111616,11.0,0.5175604363945838,14.086448057119483
3,19,24,22.835837992044922,172.63417457786448,4.5,22.948863636363637,171.91477272727272,-5.0,22.746778223875946,171.96090129701082,0.20728328173396648,9.5,0.6628896271196495,10.274490739340976
4,19,30,47.270962093081344,65.90403733474407,-4.666666666666667,78.31428571428572,28.392857142857142,-5.0,47.086605340918325,65.64701158913857,48.61111030421528,0.33333333333333304,0.12831670280610016,66.16144291475995
5,19,0,90.21549191101472,99.67984700227521,-5.0,89.65492957746478,99.00704225352112,-5.0,89.86365149256176,99.29109559896634,0.35249275297567045,0.0,0.6351027097994772,7.650438556986125
6,24,21,94.35359864523244,158.19138713838814,0.0,124.56626506024097,160.36144578313252,5.0,93.98561961051603,157.5744407285484,30.70738141385651,5.0,0.14460452246935715,49.56529096446937
7,24,16,65.20708857226059,215.4047663602105,4.0,64.89071038251366,217.6830601092896,5.0,64.95278092682877,214.56468777140566,3.118990027260654,1.0,0.5919831183239277,11.629327660782101
8,14,8,75.96296133903422,82.9183803928557,-6.0,75.15060240963855,82.08433734939759,-15.0,75.66670578981199,82.59499870932356,0.726042508086056,9.0,0.6455085415208908,10.96587167766824
9,19,10,226.71695580586774,167.58839412663323,18.666666666666668,192.80188679245282,129.43396226415095,-5.0,225.83275967822485,166.93479938953936,49.973506467936986,23.666666666666668,0.09137371478027168,76.42936550566489
10,29,12,208.4014166816017,41.762142434433656,7.0,208.130081300813,42.146341463414636,15.0,207.58865115654345,41.59927007893936,0.7696971487770001,8.0,0.5074075943663451,13.421545261450099
12,24,25,35.062654580414176,247.39462260133345,1.5,34.4625,247.425,5.0,34.92591022755056,246.42978357318825,1.0978181885879106,3.5,0.7002072882931983,8.318672422723942
13,24,106,194.19914322443583,131.15503680646677,10.0,196.5148514851485,122.44554455445545,5.0,193.44176656586052,130.64353216292156,8.755047215733285,5.0,0.11575362369896151,28.189974741754057
14,24,40,210.58370968910694,30.330534844494448,2.6666666666666665,210.89361702127658,30.180851063829788,5.0,209.7624332213194,30.21224575860092,1.1316193777703336,2.3333333333333335,0.5023260137671764,11.901765769093473
15,29,80,210.04350804497892,141.79423256234008,11.0,214.73469387755102,137.9387755102041,15.0,209.2243383636035,141.24123505534695,6.424193096210378,4.0,0.21222274271520905,23.5797382419062
16,29,16,40.03658080314023,203.4309664485248,4.0,43.375,194.58035714285714,15.0,39.88043813800798,202.63758567937555,8.782419615173014,11.0,0.22975396102075157,28.037340394757983
17,29,54,186.2455700306729,29.73752442743975,1.5,186.2155172413793,30.448275862068964,15.0,185.51921230755326,29.621548082172737,1.0808882379425886,13.5,0.2376056893012941,21.053774451916706
18,24,17,143.2730972186298,14.650465298895526,-1.0,143.55900621118013,12.48447204968944,5.0,142.71433213947714,14.593328484229833,2.2717283616026225,6.0,0.5849761653390056,12.67220505482251
19,24,10,173.8549893414018,227.69417459017433,9.5,173.67226890756302,226.51260504201682,5.0,173.1769548829703,226.80616730927264,0.575773208576617,4.5,0.5931359542946603,10.28805412268341
20,24,90,124.96904937277439,229.62122730199803,-6.666666666666667,110.41732283464567,226.16535433070865,5.0,124.48167008022057,228.72570451552025,14.295497770730996,11.666666666666668,0.1531151841601918,35.316527420860496
21,29,90,26.33640434533808,94.05806739058131,1.3333333333333333,19.75,133.17241379310346,15.0,26.233692368391264,93.69124092775805,40.01001471570864,13.666666666666666,0.0907257547846352,62.97883295334927
22,29,41,227.19367043762668,166.38464716586057,20.666666666666668,228.00574712643677,167.06896551724137,15.0,226.30761512291994,165.73574704191373,2.1589635949508392,5.666666666666668,0.5954285035350558,12.233726857583056
23,24,59,144.7423989442609,204.54907172595736,7.5,143.9108910891089,203.47524752475246,5.0,144.17790358837829,203.75133034622613,0.38407993839686866,2.5,0.5452473881986752,10.354132174423365
24,24,19,105.51511925385861,196.98662735030422,2.5,106.40441176470588,196.10294117647058,5.0,105.10361028876856,196.21837950363803,1.3059136599254673,2.5,0.5600202007005971,10.980509645913525
25,24,44,244.92992793701345,155.57047057748358,14.0,243.8671875,154.90625,5.0,243.9747012180591,154.9637457422314,0.12192194201877621,9.0,0.636946605813431,10.532989825750157
26,24,29,7.701088230762592,114.9580100761432,6.5,7.427350427350428,114.00854700854701,5.0,7.671053986662617,114.50967383684623,0.5572427862814073,1.5,0.7192973609070852,6.696295568139703
27,29,13,192.2748960729127,224.40777105356304,14.0,192.55263157894737,223.68421052631578,15.0,191.52502397822835,223.53258074645413,1.0387343121301034,1.0,0.3957823877576922,13.47308655697626
28,24,58,12.64819548763169,53.340703508519006,-2.6666666666666665,10.30841121495327,45.850467289719624,5.0,12.598867525229927,53.132674764835784,7.633920082102237,7.666666666666666,0.3572898881052151,23.171455653331268
29,24,20,237.906077410237,201.41887125115886,3.3333333333333335,232.72988505747125,207.1206896551724,5.0,236.9782437083371,200.63333765327934,7.754630050676348,1.6666666666666665,0.4592304369254818,19.153354645500045
30,24,102,125.71489149347555,160.23533287258851,8.0,91.22935779816514,147.0,5.0,125.224603416651,159.61041507438543,36.25878228801222,3.0,0.11273366099401927,55.05410906813184
31,24,1,146.87599230939327,46.454485674025655,-2.5,145.81935483870967,45.92258064516129,5.0,146.30317593938662,46.27331317989695,0.5975752407708645,7.5,0.5932550887447103,11.357473465876659
32,24,130,208.80395768679028,59.569675119795605,6.0,189.08860759493672,47.860759493670884,5.0,207.9896222518118,59.337353386828404,22.11245265563879,1.0,0.11174197619171329,40.227613131804524
33,29,36,235.29698147956734,223.39105956538006,7.333333333333333,234.59259259259258,222.5185185185185,15.0,234.37932325179702,222.5198344330751,0.2132734004851382,7.666666666666667,0.4512051583541497,13.872503566735478
34,29,6,78.974175199317,222.048136816095,9.5,80.59541984732824,223.793893129771,15.0,78.66617591603966,221.1821490825122,3.247027735453688,5.5,0.5228177456298995,14.715672822855698
35,19,115,40.95521495415092,110.41930837700505,-2.0,40.170731707317074,111.16463414634147,-5.0,40.79548961582973,109.98867307433473,1.3316181461381322,3.0,0.6308791690501947,9.764034765134237
36,24,68,229.31236890945775,239.2702097653859,16.0,235.1809523809524,221.65714285714284,5.0,228.41805067071087,238.3370559473009,17.99878718796392,11.0,0.14291534887429777,38.99048021047797
37,24,254,133.8337068447904,119.79529036236698,2.0,145.86021505376345,92.26881720430107,5.0,133.31175538809572,119.32808872995375,29.827303188184608,3.0,0.09725324190448945,48.93223835009482
39,24,93,243.1320445155304,74.93579948296819,1.3333333333333333,243.8849557522124,49.93805309734513,5.0,242.18382954191983,74.64354986498462,24.76399404214089,3.666666666666667,0.2197673726188785,41.651979923096654
40,24,61,51.48108478875596,87.46962054605531,-7.5,53.4344262295082,88.68032786885246,5.0,51.28030855807981,87.12848902592569,2.654887330335575,12.5,0.3735751654387372,19.558384021560833
41,29,40,195.98182562620187,126.01434649304564,10.666666666666666,195.92857142857142,125.04761904761905,15.0,195.21749650625966,125.52289054172276,0.8552838933642068,4.333333333333334,0.25757325683597526,17.22048542331137
42,29,5,9.126401760699585,172.82334496668827,9.333333333333334,23.5,172.19444444444446,15.0,9.090808793832856,172.14933392131817,14.409261819232146,5.666666666666666,0.2250011273400815,31.892572605763853
43,29,23,204.41692549333575,151.87580584278342,10.666666666666666,203.991452991453,150.23076923076923,15.0,203.61969948391175,151.28349019999658,1.1164327608146414,4.333333333333334,0.47062284196318893,13.22064258821753
44,29,66,109.56849929471372,7.698451199706639,-4.0,111.77702702702703,8.743243243243244,15.0,109.14118214746433,7.668427240027783,2.8465606738457105,19.0,0.40682855314072125,21.35998961103129
45,24,63,236.57006075967078,120.88512493359765,11.0,236.71875,119.34375,5.0,235.64743752270806,120.41367294635661,1.5140824069851049,6.0,0.3608104303617912,16.39787379974928
46,29,31,214.6523753208553,137.95315543784383,10.0,171.88679245283018,149.0062893081761,15.0,213.81523105710397,137.41513813163624,43.50113503564887,5.0,0.11850636105848686,62.88100781447913
47,29,22,240.28748032046724,130.7045667785323,16.0,236.11904761904762,119.6984126984127,15.0,239.3503591472174,130.19481896809603,10.98252788616221,1.0,0.11421707772292257,29.04818633170376
48,24,54,27.667261717861997,154.94672160113154,8.0,27.29381443298969,155.9742268041237,5.0,27.559359397162336,154.34242938688712,1.6532625136067884,3.0,0.575999595674592,11.183270600114948
49,24,88,159.7700983117849,55.07745674468328,4.0,160.88,54.97,5.0,159.14699492836894,54.86265466337902,1.7363264668815108,1.0,0.45373192122191713,13.01168804244317
50,24,81,123.35396068755088,184.2813796813602,1.0,75.01612903225806,188.08064516129033,5.0,122.87288024086943,183.5626823006029,48.0695394678738,4.0,0.10997967513200615,67.26994596523367
51,24,239,186.72313083419598,239.41930394001906,14.0,144.7578125,222.140625,5.0,185.99491062394262,238.48556865465298,44.35826241814993,9.0,0.09859711993168165,65.5363200195163
52,29,72,245.29326073199763,51.3633851654964,16.5,245.83870967741936,19.89677419354839,15.0,244.33661701514285,51.16306796335097,31.302354679251536,1.5,0.1808192027410755,48.210970624430026
53,19,45,26.041408654175896,15.051741760511165,-16.0,32.73033707865169,9.348314606741573,-5.0,25.93984716042461,14.99303996764517,8.830270535468992,11.0,0.12779007597605135,30.124469015947966
54,29,28,213.96984514501068,112.41405754530109,11.0,213.75213675213675,112.94871794871794,15.0,213.13536274894514,111.97564272087442,1.1520788037524718,4.0,0.35349137373160694,15.48225132912033
55,24,190,64.65472399410044,235.81919322110505,9.333333333333334,68.72388059701493,235.7537313432836,5.0,64.40257057052344,234.89949836754275,4.40493295316727,4.333333333333334,0.45602480289779745,16.801103561877987
56,19,13,24.230824525606213,69.44459614805432,-14.0,25.17610062893082,93.45911949685535,-5.0,24.136324309956347,69.1737622230769,24.307606067002233,9.0,0.10941154737161929,45.269375119569844
57,24,31,214.89579104544782,68.13841108645177,6.666666666666667,185.86153846153846,28.976923076923075,5.0,214.05769746037058,67.8726712832146,48.04063499595579,1.666666666666667,0.09789761966812446,66.66601593592664
58,29,44,145.35989378760308,215.38911049774748,8.0,145.96190476190475,214.37142857142857,15.0,144.79299020183143,214.54909296680626,1.1823391586750054,7.0,0.37470777038683245,16.138183750938357
59,29,56,14.910027019663865,80.0346423971421,3.5,14.7984496124031,81.44186046511628,15.0,14.851877914287176,79.72250729179324,1.7201831059681505,11.5,0.5933194797423752,13.878793511120644
60,24,147,170.28140413835547,148.83552734365526,2.6666666666666665,140.77272727272728,134.36363636363637,5.0,169.61730666221587,148.255068787015,32.015334684019855,2.3333333333333335,0.1148226801796427,50.53554774709367
61,19,70,144.81859974827407,107.85907900913469,-4.0,130.5966386554622,73.84873949579831,-5.0,144.2538072092558,107.43842860099906,36.2599705886639,1.0,0.09627666837994016,54.684437221065096
62,24,215,10.595182927213923,17.3511068837697,-4.5,10.390243902439025,15.902439024390244,5.0,10.553861713797788,17.283437566923,1.3906573131693605,9.5,0.5317527703356861,14.080601906455637
63,14,1,132.84409400724462,122.32937007749452,4.0,89.94852941176471,99.36764705882354,-15.0,132.32600204061637,121.85228553419229,47.97300442725164,19.0,0.085221350261026,72.91857742203112
64,29,79,238.20222078397092,10.609364372204652,10.0,239.22018348623854,12.8348623853211,15.0,237.2732321229134,10.567987851153054,2.9882000878142625,5.0,0.21405379921965256,20.45712410342121
65,19,16,85.69457917017604,10.46183363209023,-5.0,102.71538461538462,47.238461538461536,-5.0,85.36037031141235,10.421032480925078,40.70282058896916,0.0,0.20941349701656226,56.514550648637915
66,14,53,20.108313640134224,113.34892616655856,-30.0,16.764705882352942,128.24705882352941,-15.0,20.0298912169377,112.90686535450898,15.68384426523563,15.0,0.12565471740811676,38.420749917073294
67,24,163,188.08275882315468,47.8904988016013,-2.0,174.5529411764706,6.023529411764706,5.0,187.34923606374437,47.70372585627505,43.60027452316145,7.0,0.09576294707654912,64.13501558163047
68,24,33,172.18468055049425,148.737300478511,10.666666666666666,153.046875,120.328125,5.0,171.5131602963473,148.1572250066448,33.39854038466248,5.666666666666666,0.1291707913864883,52.79845789026605
69,19,17,94.72933126588235,9.928611761109579,-7.0,109.52678571428571,7.232142857142857,-5.0,94.35988687394541,9.889890175241252,15.398001209247095,2.0,0.0969109609895878,34.15978198945534
70,24,180,231.20845622153058,206.26667825027468,9.0,222.9784946236559,203.61290322580646,5.0,230.3067432422666,205.4622382050986,7.5579936280604985,4.0,0.1182784902325552,26.59242382340939
71,19,61,185.27170851486449,121.79723063821443,-22.0,167.18556701030928,147.81443298969072,-5.0,184.54914885165653,121.32222143872539,31.675404452386463,17.0,0.09344325081639687,55.756539436058524
72,24,103,187.60935098621715,5.039298903491226,3.5,184.99159663865547,4.823529411764706,5.0,186.8776745173709,5.019645637767611,1.8962466450020043,1.5,0.47549862968335677,12.911274051334868
73,24,26,208.04895890678964,41.88309340100646,5.5,207.53968253968253,40.92063492063492,5.0,207.23756796705317,41.71974933674254,0.854316724070205,0.5,0.6055045108680689,8.919226506708826
75,24,7,157.09269794318607,39.02562476436965,5.0,156.76984126984127,38.285714285714285,5.0,156.48003642120764,38.87342482778861,0.6552789723139718,0.0,0.40413053141604527,12.572668343993067
76,14,12,104.82317139320902,95.09453637605039,-8.0,102.64285714285714,47.04545454545455,-15.0,104.4143610247755,94.72366768418378,47.71111227068328,7.0,0.11383669708606761,67.88437832896193
77,24,45,55.48974266803425,98.64423912557817,-2.0,41.32,111.62222222222222,5.0,55.27333267162892,98.25952659298841,19.31986353794176,7.0,0.13157907252072104,39.13828208752734
78,29,27,21.7353804158063,25.464630403186373,-6.0,21.364341085271317,24.54263565891473,15.0,21.650612432184655,25.365318344613947,0.8710672106174433,21.0,0.19668306202486308,24.287405970120183
79,29,58,234.55702506511784,53.7019020374344,10.0,210.67567567567568,29.91891891891892,15.0,233.6422526673639,53.49246461948841,32.911634958050634,5.0,0.0917079020386979,52.82747691727668
80,19,23,123.73255265481778,194.92352197008273,-26.0,106.92753623188406,195.46376811594203,-5.0,123.249995699464,194.1633202343994,16.37418235404133,21.0,0.10321691617162189,41.659844030608895
81,29,3,166.93490803909535,247.1670047784925,14.0,173.51694915254237,227.45762711864407,15.0,166.28386189774287,246.20305345985636,20.0925000920582,1.0,0.10008753955349373,38.44074930098833
82,29,71,98.98654150709129,201.83678580351636,-2.0,97.0,201.29347826086956,15.0,98.60049399521363,201.04962233888264,1.618964712216719,17.0,0.2323152120577174,22.922660471062372
83,29,25,234.36657331728483,208.42948267774076,7.333333333333333,232.74825174825176,207.55244755244755,15.0,233.4525436813474,207.61660769529757,0.7072083504556056,7.666666666666667,0.4855352192648352,13.679837298492235
84,29,35,176.24580904026755,249.31348130966958,15.0,184.07079646017698,218.4867256637168,15.0,175.5584503850105,248.34115873256187,31.044278209769207,0.0,0.08084946980835661,49.427288813602075
85,24,57,205.0560619567941,151.33185450656046,4.0,203.41860465116278,150.65116279069767,5.0,204.2563433151626,150.74166027398488,0.8426125228368834,1.0,0.39015668117365665,13.38947889936375
86,29,152,220.79255063799565,204.70096831075637,14.0,222.94444444444446,203.5793650793651,15.0,219.93145969050747,203.9026345343444,3.0302772592585265,1.0,0.2079227773909537,19.221821711439453
87,24,139,12.164069291436268,138.04809607841906,-14.0,19.3015873015873,132.33333333333334,5.0,12.116629421199667,137.50970850371323,8.855420918706786,19.0,0.13477134706018856,32.80999397750301
88,29,2,239.52439118498205,186.02497566503808,18.0,198.15454545454546,165.52727272727273,15.0,238.59024605936062,185.29947825994444,45.010954167052084,3.0,0.16063451342587753,62.848263898534526
89,24,160,124.31184489501308,200.97413401379313,-10.0,98.44554455445545,200.78217821782178,5.0,123.82702869992252,200.19033489113934,25.38838348437991,15.0,0.0842960424010423,48.952462636359066
90,14,14,163.67977590023693,7.3173179817752425,-3.3333333333333335,160.2357142857143,7.507142857142857,-15.0,163.04142477422602,7.288780441646319,2.8141949985468604,11.666666666666666,0.48115757195920084,17.274376892696175
91,24,185,246.59408265425074,101.24235088851809,5.0,237.40506329113924,52.322784810126585,5.0,245.63236573189917,100.84750572005287,49.217243368945105,0.0,0.12346202781483957,66.74800281264831
92,29,7,208.58967282651466,59.629018973367465,10.0,209.50434782608696,59.07826086956522,15.0,207.77617310249124,59.396465799371335,1.75722572614563,5.0,0.27989500715555155,17.9093255830346
93,29,21,243.33636600128537,170.56113954790288,16.0,244.7027027027027,155.52252252252254,15.0,242.38735417388034,169.89595110366605,14.558718624492787,1.0,0.09494208253605192,33.009876973771746
94,29,52,246.6406689231194,99.78570385914666,6.0,214.7829457364341,67.94573643410853,15.0,245.67877031431922,99.39653961409599,44.08746984137057,9.0,0.09385060083462644,65.36045782467804
95,29,133,169.65786015847914,148.58892981045503,6.0,140.69811320754718,133.66037735849056,15.0,168.99619450386106,148.00943298419426,31.72817048621506,9.0,0.10076899155328634,52.86279065514934
96,24,60,103.37165464043723,48.04912428145295,-9.333333333333334,103.88495575221239,47.49557522123894,5.0,102.96850518733952,47.86173269675528,0.9868905383740969,14.333333333333334,0.620813208744935,13.587293030142064
97,24,242,149.4635308154085,250.92898872870126,11.0,129.58823529411765,226.2450980392157,5.0,148.8806230452284,249.95036567265933,30.563637524228007,6.0,0.09221189361144155,50.81939965199918
98,19,3,115.18236155187078,35.40280607084757,-11.333333333333334,113.58169934640523,33.47712418300654,-5.0,114.73315034181849,35.264735127171264,2.126356574644921,6.333333333333334,0.6195172081285991,11.952679078739607
99,19,38,151.80451339330543,4.819181755339974,-3.0,151.27906976744185,5.034883720930233,-5.0,151.21247579107154,4.800386946494148,0.2437693477649264,2.0,0.5011049880131855,10.921669587501215
100,24,77,83.27654321709889,210.69133416941605,1.0,83.0,209.15625,5.0,82.9517646985522,209.86963796615532,0.715016807187768,4.0,0.46852262369872866,12.744564333213194
101,29,172,170.31512276236282,62.95136133259097,-5.0,120.96052631578948,61.11842105263158,15.0,169.6508937835896,62.70585102339386,48.71623772482315,20.0,0.08762066530077356,73.96382441880768
102,24,47,23.46088583052577,23.507225415526925,5.0,21.838926174496645,23.34228187919463,5.0,23.369388375786716,23.41554723640637,1.5322148550856087,0.0,0.4228925275632964,13.074364303819682
103,29,57,203.47123332960618,233.0063304558908,8.0,209.95967741935485,218.0483870967742,15.0,202.6776955196207,232.09760576711284,15.824278992581222,7.0,0.1529267139245222,35.215744714090775
104,24,157,27.339777404877193,147.69823215011314,0.0,27.34108527131783,146.96899224806202,5.0,27.233152272998172,147.1222090447277,0.18741643179497863,5.0,0.47077353802625,12.521945671269979
105,29,67,131.338935316953,75.94618785761966,-4.0,128.5748031496063,57.95275590551181,15.0,130.82671346921688,75.64999772497494,17.839940249454965,19.0,0.15606891927933614,41.36856186386824
106,24,39,207.44612188399392,193.21667233949054,6.0,193.4251968503937,222.4724409448819,5.0,206.63708200864636,192.4631273173665,32.78891297114678,1.0,0.1122823824702472,50.893265321741836
107,24,70,210.49305561970436,218.5070117293059,7.333333333333333,210.296875,217.3984375,5.0,209.6721327027875,217.6548343835616,0.6753090402374596,2.333333333333333,0.6947662959229848,7.596649788444431
108,19,35,168.51637913397326,105.07418584979231,-2.0,169.38823529411764,61.21176470588235,-5.0,167.85916525535077,104.66439652497812,43.47952698902494,3.0,0.11025953135379045,62.32433636194913
109,19,73,115.80653089828195,57.98582642575367,-10.0,116.21153846153847,57.86538461538461,-5.0,115.35488542777864,57.75968170269323,0.8631497703187768,5.0,0.4436856450764537,13.739436868789703
110,19,9,29.90021015371764,197.36199523883096,4.0,43.25170068027211,192.4421768707483,-5.0,29.78359933411814,196.5922834573995,14.09301736857086,9.0,0.1182858917579864,34.87729953341113
111,24,66,37.224130982360634,27.63649808868375,-2.0,78.58407079646018,29.398230088495577,5.0,37.07895687152943,27.528715746137884,41.547196846451165,7.0,0.0817222427675315,62.36275199110054
112,24,132,219.27322151997294,237.68498721116774,8.0,218.51639344262296,224.62295081967213,5.0,218.41805595604504,236.7580157610442,12.135463377744744,3.0,0.13867902125159212,30.4118829527129
113,14,21,134.0492378481214,70.94654143121922,-8.0,125.67391304347827,59.469565217391306,-15.0,133.52644582051374,70.66984991963746,13.678766334205203,7.0,0.2524862699764952,31.079040934675298
114,19,34,96.92213629812701,107.20976097645328,-6.0,99.27966101694915,105.88983050847457,-5.0,96.54413996656432,106.79164290864512,2.8803369633082676,1.0,0.3024208430304175,17.181920102699916
115,24,35,135.48186807851806,58.20223010268831,0.0,136.7314814814815,57.657407407407405,5.0,134.95348879301184,57.975241405287825,1.8061773031627302,5.0,0.5701352614173887,12.153472074814957
116,14,48,123.02669298049575,99.34866936163797,-6.0,115.33944954128441,58.357798165137616,-15.0,122.54688887787182,98.96120955112758,41.23814008864279,9.0,0.08259233364113233,62.73629341582014
117,24,189,247.92674440447564,184.3422482223205,6.0,232.5142857142857,146.01904761904763,5.0,246.9598301012982,183.62331345425346,40.28342787849586,1.0,0.14763402682613916,57.680747341973074
118,24,92,68.6724028178561,172.8545380203482,0.0,68.34482758620689,172.56034482758622,5.0,68.40458044686646,172.18040532206885,0.3846094541346925,5.0,0.6669783578879723,8.795042296375247
119,24,64,19.16305594407185,120.7257697667026,0.0,19.710743801652892,121.14876033057851,5.0,19.08832002588997,120.25493926461246,1.0891866022861556,5.0,0.5990397651771295,10.858391298743566
120,29,38,223.6886254037616,121.10181782790997,14.0,223.43795620437956,120.17518248175182,15.0,222.8162397646869,120.62952073838112,0.7700354425745951,1.0,0.4383250917230487,12.353533608113622
121,24,129,153.63437068697775,121.62134603713397,3.0,109.63157894736842,100.01315789473684,5.0,153.03519664129854,121.14702278758915,48.275400301086876,2.0,0.11194113525820557,66.73657759592277
122,19,123,6.549672731339189,76.87411229227641,0.0,19.942307692307693,121.09615384615384,-5.0,6.524129007686966,76.57430325433653,46.49992149813281,5.0,0.08533675532685121,66.54318639159578
123,29,9,148.89909253729243,34.347957789164795,10.0,157.4018691588785,39.16822429906542,15.0,148.318386076397,34.214000753787055,10.346690091344106,5.0,0.13690185052962817,29.358653080751544
124,19,12,60.04400446815879,130.23565231957656,-6.0,37.95161290322581,144.43548387096774,-5.0,59.80983285073297,129.7277332755302,26.34577208683005,1.0,0.0845499321419999,45.004773443990054
125,19,43,52.04885796953403,9.590691073327909,-8.0,17.58682634730539,32.97604790419162,-5.0,51.84586742345285,9.55328737814193,41.500694043808835,3.0,0.11112733949037902,60.32814725400125
126,29,199,250.64617484549444,55.21411679000267,4.0,245.425,8.125,15.0,249.668654763597,54.99878173452166,47.06548650389344,11.0,0.09259419944829683,69.06360251492751
127,29,107,83.49252804896139,128.04460616354243,-7.0,67.31818181818181,172.95454545454547,15.0,83.16690718957044,127.54523219950461,48.095611298663485,22.0,0.14030142615725788,72.98958277551833
128,19,32,56.54622184076848,132.5723134031107,8.0,44.729729729729726,172.45945945945945,-5.0,56.32569157558948,132.05528138083858,42.03527015899318,13.0,0.09356855471257794,64.71389906474161
129,24,11,37.55304116692338,50.56921317951417,8.0,46.61764705882353,66.0764705882353,5.0,37.40658430637237,50.371993248114066,18.20643527865832,3.0,0.13553973648313236,36.54564054899568
130,24,5,249.0278604328659,44.39162047080393,-10.0,234.3779527559055,22.503937007874015,5.0,248.05665177717773,44.218493150967795,25.66376346926003,15.0,0.0899379065220221,49.115005338819586
131,29,69,196.0200631192286,55.689550757227835,6.0,159.38888888888889,56.44444444444444,15.0,195.2555848730636,55.47236150927465,35.87986658355997,9.0,0.10190087706589879,56.991849042241995
132,24,117,249.36653059098012,96.59362742531395,2.0,245.1743119266055,76.18348623853211,5.0,248.3940011216753,96.21691227835522,20.290504119067915,3.0,0.2298768892774725,36.74296633351847
133,24,71,200.17163053564965,105.71502099258925,4.0,214.9090909090909,66.41818181818182,5.0,199.3909611765606,105.30273241071815,41.866700672242594,1.0,0.13286286655163682,59.55944334120986
134,29,48,22.742633512273862,190.3962094189568,8.0,45.51456310679612,175.5242718446602,15.0,22.653937241575992,189.65366420222287,26.874671036935908,7.0,0.09690198543309575,47.38663132827399
135,24,187,248.0067178309702,22.463307219993936,8.666666666666666,246.11111111111111,20.604938271604937,5.0,247.0394916314294,22.37570032183596,1.9993720586836332,3.666666666666666,0.5876932903301381,11.528839585414206
136,24,141,145.38607724309747,220.8777609162138,6.0,128.65925925925927,242.86666666666667,5.0,144.81907154184938,220.01633764864056,27.987087544805313,1.0,0.114147120918206,46.0541451264412
137,19,28,65.91905156699221,39.705094912473484,-18.0,28.986486486486488,71.04729729729729,-5.0,65.66196726588093,39.550245042314835,48.34413295481497,13.0,0.12307098840167487,70.43271318678147
138,24,36,229.85438530583073,140.74382616878935,10.0,214.57971014492753,111.9927536231884,5.0,228.95795320313798,140.19492524673106,31.655905574232612,5.0,0.08685558281064432,51.66879391801973
139,29,29,153.2706028433942,206.3359236281616,6.0,106.2536231884058,197.31884057971016,15.0,152.67284749230495,205.53121352601175,47.14008330905715,9.0,0.13752134373533162,67.53965643435052
140,19,6,23.52017578972378,135.21859108443346,-6.666666666666667,24.082608695652173,136.83913043478262,-5.0,23.428447104143856,134.69123857920417,2.245298824447412,1.666666666666667,0.6500181569534309,9.828269018712128
141,24,232,40.80486604088729,203.2067038149669,9.0,41.45669291338583,203.10236220472441,5.0,40.64572706332783,202.4141976700885,1.0635958051303873,4.0,0.3332720745765338,15.79815431359971
142,24,140,40.479520178890525,91.02066966480149,-8.0,40.99180327868852,96.10655737704919,5.0,40.32165005019285,90.66568905310876,5.481984446176532,13.0,0.37263613519300975,22.579261742316337
143,19,14,126.35465413551762,54.85901894121476,-4.0,125.15602836879432,53.91489361702128,-5.0,125.8618709843891,54.64506876734402,1.0155636603081637,1.0,0.6342382813339986,8.680798033628191
144,24,87,214.8759244462592,17.57590555675306,4.0,214.6875,17.53125,5.0,214.0379083409188,17.50735952508172,0.6500308287609904,1.0,0.5787634862463719,9.424761103833553
145,14,5,148.2427444809552,13.280774562974571,-12.0,142.37062937062936,12.356643356643357,-15.0,147.66459777747946,13.22897954217897,5.365358507436553,3.0,0.5630695101704374,15.153968304027805
146,29,33,11.903499576672676,159.3201653978212,10.0,27.311377245508982,154.85029940119762,15.0,11.857075928323653,158.6988167527697,15.926283778951934,5.0,0.18898106073413815,33.89666256426917
147,14,13,77.84419716376149,29.81686447950684,-8.0,78.45394736842105,28.019736842105264,-15.0,77.54060479482283,29.700578708036762,1.9129621101880496,7.0,0.41662382733888037,16.03048556341044
148,24,38,45.264045365445256,174.89870588117589,4.0,44.89473684210526,174.57894736842104,5.0,45.08751558852002,174.2166009282393,0.4104370692099151,1.0,0.4562210275793804,11.63601651762231
149,14,18,41.44415439745221,86.07063825116593,-6.0,40.63768115942029,83.8768115942029,-15.0,41.28252219530214,85.73496276198638,1.966861897513975,9.0,0.48464487885452917,15.42396432042339
150,19,25,171.50329302195632,49.11337376433405,-2.0,170.08823529411765,49.63235294117647,-5.0,170.83443017917068,48.92183160665314,1.0303627386955112,3.0,0.33473870886641904,15.385588561367129
151,14,17,49.19891362641985,37.73232728623647,-20.0,51.712418300653596,87.05882352941177,-15.0,49.007037863276814,37.585171209820146,49.54756661180017,5.0,0.10446985747526562,69.20816946229486
152,19,33,136.9131485208903,26.76169650817765,-12.0,135.91780821917808,24.506849315068493,-5.0,136.37918724165883,26.657325891795757,2.199413583080249,7.0,0.3881971392627845,16.88547079782456
153,19,51,109.99828489013868,91.09135488617504,-10.0,112.13559322033899,91.16101694915254,-5.0,109.56929157906714,90.73609860211896,2.60124195638167,5.0,0.3005281963481705,18.34067802941826
154,24,28,209.7098573301578,57.54988411591917,4.0,209.38235294117646,58.754901960784316,5.0,208.89198888657018,57.325439567867086,1.5112311665706784,1.0,0.36398509118363803,14.58152934289792
156,24,4,61.048986737143906,89.50591416195053,-6.0,88.96815286624204,98.89808917197452,5.0,60.810895688869046,89.15684109671892,29.794681502180783,11.0,0.12271712971422258,51.19033890789633
157,19,69,190.60266766492254,11.72395952147568,0.0,192.26041666666666,11.489583333333334,-5.0,189.85931726102933,11.678236079341923,2.408499162202158,5.0,0.3894734735467436,16.369029691267286
158,19,56,7.801014782282641,45.396643748792854,-4.0,9.934782608695652,46.130434782608695,-5.0,7.770590824631738,45.21959683817256,2.3480527760751855,1.0,0.3730017034517696,15.238018707039792
159,24,73,73.14242768382327,120.5317837164765,-2.0,71.25531914893617,121.25531914893617,5.0,72.85717221585637,120.06170975998224,1.9976577838560399,7.0,0.24249316710208701,19.5977944418143
160,24,168,156.5385648426497,77.252818151399,-16.0,159.5686274509804,80.15686274509804,5.0,155.92806443976335,76.95153216060854,4.850550813516491,21.0,0.15589780601465536,29.08259469322338
161,24,52,82.12141116272657,107.06007841949875,-5.0,80.15555555555555,105.97037037037038,5.0,81.80113765919194,106.64254411366271,1.7775708146175164,10.0,0.5011257084206691,15.255056646204135
162,24,37,70.14598160797699,206.9775212898124,6.0,70.03378378378379,206.94594594594594,5.0,69.87241227970588,206.17030895678212,0.7922458591166461,1.0,0.5568230149411711,10.005785560293223
163,19,65,41.46206654993749,39.58615902441499,-2.0,37.0948275862069,27.20689655172414,-5.0,41.30036449039273,39.43177300421977,12.928037164676283,3.0,0.10829715883386759,31.81209398799893
164,14,15,127.75746550193622,39.14545816121522,-20.0,137.75,29.180555555555557,-15.0,127.25921138647867,38.99279087438648,14.364421592452018,5.0,0.11146829987312308,33.88505559498955
165,29,61,8.2238039382934,172.67834537968153,10.0,10.080808080808081,171.55555555555554,15.0,8.191731102934057,172.00489983270077,1.941783228822627,5.0,0.2653750559473231,18.384282109876164
166,19,18,174.88926149608173,24.913936586093367,-12.0,162.1596638655462,6.352941176470588,-5.0,174.207193376247,24.8167722334076,22.04667831239705,7.0,0.091233510310589,42.67200810618527
167,24,99,138.74980782310234,80.5227714737284,-2.0,131.696,73.4,5.0,138.20868357259224,80.20873266498086,9.421989589247593,7.0,0.09402613893249871,29.991466810597622
168,19,64,25.287176437895898,25.5943722937604,-10.0,10.093023255813954,15.872093023255815,-5.0,25.188556449788102,25.494554241814736,17.901588820913236,5.0,0.10825848410752048,37.48641913876283
169,24,86,187.70708465925958,239.06241863770757,10.0,183.77272727272728,218.16666666666666,5.0,186.97502702908847,238.1300752050205,20.218615288857187,5.0,0.12011366744532034,39.566341939950775
170,24,113,32.84754832453277,10.814845825492021,-6.0,33.03030303030303,10.01010101010101,5.0,32.719442886067085,10.772667926772602,0.8234939779235857,11.0,0.569643359510909,13.280626787705405
171,19,72,121.84812855129522,98.14178482619565,-4.0,123.56140350877193,98.64912280701755,-5.0,121.37292084994516,97.75903186537349,2.3625660270947577,1.0,0.36330931937899913,15.446379639514776
172,24,152,108.9476062297581,99.19323869013166,-8.0,118.04347826086956,58.03260869565217,5.0,108.52271056546203,98.80638505924016,41.87058462044448,13.0,0.09396140969850314,64.54135642647442
173,19,11,146.43978669755404,24.165731042898944,-4.0,142.93846153846152,12.961538461538462,-5.0,145.86867152943358,24.07148469183164,11.489866658547351,1.0,0.17068613060639293,28.42614404641949
174,24,175,63.415210283114604,103.29658293877706,-6.0,66.34343434343434,101.4949494949495,5.0,63.16789096301046,102.89372626531583,3.4699642958206964,11.0,0.3463794760136063,20.39237477554857
175,29,92,128.647514985535,218.02572249052378,2.0,128.09154929577466,218.50704225352112,15.0,128.14578967709141,217.17542217281073,1.332724299439514,13.0,0.6211433960488704,13.459856378462106
176,24,238,153.49822921510213,17.500045020771932,-8.0,154.67123287671234,17.589041095890412,5.0,152.89958612116322,17.43179484519092,1.778611427436231,13.0,0.31061701578632656,20.1162711117097
177,24,0,55.17403265881667,98.56690805685605,-4.0,38.343283582089555,144.94776119402985,5.0,54.95885393144729,98.18249711543432,49.62929681524043,9.0,0.08731862167856501,71.03292438166913
178,24,32,91.17860427056313,213.43579309550395,-2.0,79.47945205479452,221.486301369863,5.0,90.82300771390793,212.6033935024315,14.407716931307357,7.0,0.15564992886935555,33.74471835392025
179,24,94,142.93539312061546,122.85140117475689,-4.0,145.85833333333332,103.875,5.0,142.37794508744506,122.37228071017533,18.821862182396874,9.0,0.09485890398705087,40.07468410265585
180,19,53,227.63993701386676,47.51789148364033,10.0,185.70676691729324,29.225563909774436,-5.0,226.75214125951268,47.332571706854125,44.861860040087855,15.0,0.11366412242856896,67.83857759151647
181,24,153,244.30775132975202,130.8298376483661,8.0,213.97979797979798,137.5252525252525,5.0,243.354951099566,130.31960128153747,30.24600850783238,3.0,0.11428302459295274,49.01034801597332
182,24,49,196.31348865653467,2.897034554055687,-2.0,163.55555555555554,6.98989898989899,5.0,195.5478660507742,2.88573611929487,32.25448935715651,7.0,0.10429127935600664,52.61866377003638
183,24,9,29.455113899924758,131.54245448851293,4.0,29.145251396648046,134.2849162011173,5.0,29.34023895571505,131.02943891600773,3.2613114696476533,1.0,0.6139531071609254,11.332249326429144
184,19,77,124.54385832407496,178.64160632777504,-4.0,124.53153153153153,160.19819819819818,-5.0,124.05813727661106,177.94490406309671,17.75301864967802,1.0,0.08142385550097994,36.47454153965842
185,24,171,194.96754184916512,100.2371131486243,6.0,193.74774774774775,98.44144144144144,5.0,194.20716843595338,99.84618840734467,1.4779652928826366,1.0,0.4147830127515531,13.532305037851575
187,29,154,250.90689448525296,186.8121085636967,2.0,242.67521367521368,198.44444444444446,15.0,249.92835759676046,186.0835413402983,14.331783639755423,13.0,0.11132135341085125,36.6553565715384
188,24,142,24.80213294626547,237.07609814999543,14.0,23.293233082706767,237.593984962406,5.0,24.705404627775035,236.15150136721044,2.0186598017270847,9.0,0.3693036863633153,17.78258607446078
189,19,48,110.4531949456263,216.14982913411092,-8.0,78.02884615384616,219.05769230769232,-5.0,110.02242748533835,215.30684480048788,32.212700964636724,3.0,0.09680993589823501,51.32650224667202
190,24,111,228.65016176036465,10.473415553330868,-8.0,238.6304347826087,11.282608695652174,5.0,227.75842612949924,10.432569232672877,10.905188638529314,13.0,0.18222924871905835,31.810603664148147
191,19,97,128.87690417865127,12.937603578795382,-20.0,124.15315315315316,17.783783783783782,-5.0,128.37428425235453,12.88714692483808,6.464905280437651,15.0,0.195214101746194,27.81062324551377
192,14,4,53.13239830909227,20.75163784922628,-16.0,45.452229299363054,65.29936305732484,-15.0,52.9251819556868,20.670706461614298,45.249994596038505,1.0,0.12442310507262076,63.111532494586086
193,19,1,150.2789665166646,76.44642061203214,-12.0,145.10526315789474,45.98026315789474,-5.0,149.69287854724962,76.14827957164522,30.514839493285297,7.0,0.099783419708094,50.969171099123415
194,29,63,8.564613852983978,85.5380081252036,14.0,8.67741935483871,86.41129032258064,15.0,8.53121185895734,85.2044098935153,1.2157043233915188,1.0,0.396408956890868,13.637525185574159
195,19,75,115.98905528092331,103.09088943186474,-4.0,107.71,100.11,-5.0,115.5366979653277,102.68883496308047,8.240606216005663,1.0,0.11425146745907008,26.30557686682426
196,24,170,213.98458737288524,46.512648757470785,-4.0,214.8,48.36842105263158,5.0,213.150047482131,46.33124942731665,2.6215284744230076,9.0,0.20716920135414643,21.62814444734008
197,24,41,170.28654193431478,49.972143114404616,2.0,171.3884892086331,48.89208633093525,5.0,169.62242442077095,49.77725175625844,1.9754753010640644,3.0,0.42686865465714025,14.488102207921258
198,29,77,57.48528243870612,124.31844408518296,-4.0,54.93650793650794,125.75396825396825,15.0,57.261089837195165,123.83360215325075,3.0152092752887962,19.0,0.359299528910974,22.479218697069317
199,19,76,89.87733574022447,212.06646804047574,0.0,83.21929824561404,209.2719298245614,-5.0,89.5268141308376,211.23940881511788,6.607248309290988,5.0,0.21932512295670495,23.970745850156888
200,24,227,110.5007574247014,226.83150126650202,6.0,93.37623762376238,218.33663366336634,5.0,110.06980447074507,225.94685841156266,18.346408225937285,1.0,0.10216562230850049,36.65309577976728
201,24,155,212.26084095080688,97.54018202380487,2.0,212.46280991735537,98.38842975206612,5.0,211.43302367109874,97.15977531391204,1.6031379982319205,3.0,0.4002147082182319,14.648843833867282
202,19,87,58.8177489493668,54.48376152944117,-6.0,60.45945945945946,89.67567567567568,-5.0,58.58835972846427,54.27127485947635,35.45380954647083,1.0,0.09449640727103925,53.91388140105005
203,19,2,29.465362517811137,74.04107131751084,-2.0,46.65217391304348,65.7888198757764,-5.0,29.35044760399167,73.75231113937255,19.046441304839803,3.0,0.13109101546987967,37.47462099544221
204,24,62,60.539996447792355,210.6690492594584,-4.0,59.88288288288288,211.52252252252254,5.0,60.30389046164596,209.8474399673465,1.7271794776545428,9.0,0.3914478997123937,17.048221483406667
205,19,52,60.34773511792392,178.5744947567351,-12.0,68.98347107438016,171.60330578512398,-5.0,60.112378950964015,177.87805422718384,10.865944205326505,7.0,0.27260421091756815,27.863859986975143
206,24,128,65.15688131732507,64.19429073363938,6.0,65.93,63.22,5.0,64.9027694801875,63.943932999778184,1.256694684082857,1.0,0.352095666129203,14.564781361498799
207,24,115,203.5908711906096,78.64712768711277,6.0,202.95689655172413,79.73275862068965,5.0,202.7968667929662,78.34040388913303,1.4015210387918675,1.0,0.32882539013535833,15.1750132360847
208,24,6,19.883790785077338,59.47185099030215,10.0,13.0,54.53333333333333,5.0,19.806244001015536,59.23991077143997,8.27507272368373,5.0,0.21635218424591535,25.698029038765426
209,29,149,79.31841272289019,118.58321965678283,0.0,92.5,99.46808510638297,15.0,79.00907091327092,118.12074510012138,23.020141017490797,15.0,0.08974954743440962,46.475150068802606
210,29,62,170.3758943456479,63.75476061389106,4.0,137.69230769230768,59.08791208791209,15.0,169.71142835769987,63.50611704749688,32.322509544431185,11.0,0.13074313136387447,53.5576469171537
211,29,110,101.15243992392595,225.25476917630098,6.0,88.91304347826087,236.2608695652174,15.0,100.75794540822264,224.3762755765134,16.779310951488785,9.0,0.09254269014926694,38.078457148503446
