m2_plane,m2_roi,col,row,z_old,best_z,z_activity,z_parallax,z_source,parallax_rms_px,best_r,n_pass,primary_view,r_v1,r_v2,r_v3,r_v4,plane_z_prior
14,0,113.84688053191621,36.38921072759301,-7.0,-6.0,-8.0,-6.0,parallax,1.7626944618361433,0.8352018446612569,4,4,0.588907979149057,0.8352018446612569,0.821329193022497,0.7975867747709837,-15.0
14,1,89.3007021501503,96.75669818173229,-7.0,-10.0,0.0,-10.0,parallax,2.030820412939767,0.8017902377693447,4,1,0.7118552394151594,0.8017902377693447,0.7954053568082169,0.790099367906416,-15.0
14,4,45.63018702877528,66.5550276652192,-1.0,-4.0,0.0,-4.0,parallax,1.5727696421509698,0.8513894360685296,4,1,0.7699842450392319,0.8134278088701852,0.8513894360685296,0.7829651020439882,-15.0
14,5,143.92804876079646,14.405022946133279,-3.0,2.0,-6.0,2.0,parallax,1.5034038651153552,0.8769842679270387,4,3,0.7288269477392761,0.8769842679270387,0.8757928444957926,0.8097410070958646,-15.0
14,14,160.86308029887994,6.536535344988312,-11.0,-8.0,-10.0,-8.0,parallax,4.579252876096062,0.7820295082266067,4,4,0.5281644129437657,0.7820295082266067,0.7432165062369079,0.6024869415891897,-15.0
14,15,140.28932838068468,28.29480529621078,-11.0,-14.0,-8.0,-14.0,parallax,2.5965343210778546,0.7862643184585923,4,2,0.5330830691529084,0.6900307594370784,0.7862643184585923,0.7240025783921556,-15.0
14,17,53.91488635744764,86.39968229034412,-5.0,-8.0,0.0,-8.0,parallax,1.4631516776684659,0.7255289931034302,4,2,0.6397964519646469,0.6284284582289305,0.7255289931034302,0.6827400216225378,-15.0
14,18,38.796788635097165,84.20521192069361,-1.0,-8.0,-2.0,-8.0,parallax,0.5933614360182079,0.7733156140385331,4,1,0.6579353066244187,0.6818659120611043,0.7733156140385331,0.7724197210332071,-15.0
14,19,150.85586645058586,2.59324221607125,-15.0,-6.0,4.0,-6.0,parallax,2.1165180002766797,0.7444833234519661,4,1,0.2591095807678723,0.7444833234519661,0.7431889332963975,0.5612755482392332,-15.0
14,21,129.16596028860383,57.70240459531303,-1.0,-12.0,-12.0,-12.0,parallax,1.224744871391589,0.758566857372782,4,2,0.6099803631912907,0.7506271721388992,0.758566857372782,0.6572244476060353,-15.0
14,48,114.79103457613132,62.586284675371566,1.0,-8.0,0.0,-8.0,parallax,1.16709358148228,0.7255961387114049,4,4,0.5244091551019481,0.6428688365679742,0.7255961387114049,0.533904282629615,-15.0
14,53,15.83034422482978,128.74918062797855,1.0,-10.0,-4.0,-10.0,parallax,1.3209105538507602,0.641364587417378,4,1,0.46495504937635496,0.6310684764891606,0.641364587417378,0.5756446755709309,-15.0
19,1,147.67338937646295,47.1602882821953,-5.0,-2.0,-2.0,-2.0,parallax,1.118033988749895,0.8881920299656432,4,3,0.742114253136424,0.8881920299656432,0.863430116400569,0.8380689526658279,-5.0
19,2,47.83482974906483,65.04640083904869,3.0,-4.0,0.0,-4.0,parallax,1.1634468644190223,0.8559100436300695,4,2,0.8313342373910776,0.8559100436300695,0.8542911654641192,0.8361886891585418,-5.0
19,10,195.55675814923484,132.9407311155014,15.0,12.0,2.0,12.0,parallax,2.1453497326383957,0.7614839192361322,4,1,0.7104663268669209,0.7614839192361322,0.7389433973449104,0.7456884224342425,-5.0
19,12,40.10020369764663,146.00098772308777,9.0,0.0,0.0,0.0,parallax,0.7071067811865476,0.8553017721682779,4,2,0.760702066210685,0.85478955853662,0.8394590459839972,0.8553017721682779,-5.0
19,13,26.274671849142475,93.82503714170801,3.0,2.0,-2.0,2.0,parallax,1.2001981431010729,0.8774762454683207,4,3,0.7851697796710556,0.8774762454683207,0.8563501543227681,0.8388980488904225,-5.0
19,16,102.11754303321416,46.42341284857096,-1.0,-8.0,-6.0,-8.0,parallax,1.0066289992033548,0.8231639040224609,4,1,0.7245159806767888,0.7717768358237621,0.8231639040224609,0.757434547592812,-5.0
19,18,165.7945626599199,7.377814653619705,-5.0,-2.0,-8.0,-2.0,parallax,1.9758157195405495,0.7842754840023711,4,3,0.5840273132459323,0.7842754840023711,0.7658710853325931,0.7103941828768596,-5.0
19,19,33.66258132745103,248.4376094164502,7.0,-4.0,0.0,-4.0,parallax,2.4617616772835937,0.893286453250284,4,1,0.8046795062532375,0.7708322263670961,0.7639315945605588,0.893286453250284,-5.0
19,23,108.34618635868293,194.22906145561896,-3.0,-6.0,-4.0,-6.0,parallax,1.0738191361444072,0.7870560396674223,4,2,0.7000005032206947,0.6623744019697979,0.7692152320409199,0.7870560396674223,-5.0
19,24,23.038714623394878,172.58786540234186,9.0,0.0,0.0,0.0,parallax,1.3228756555322954,0.879666059664118,4,4,0.8172253778234538,0.8682436352130151,0.8744100064992943,0.879666059664118,-5.0
19,25,170.75417658279054,49.82667698140395,-5.0,0.0,2.0,0.0,parallax,1.1897226478653422,0.5918762683634299,4,3,0.5156353132488777,0.5158872582161,0.5918762683634299,0.5858411297950461,-5.0
19,28,30.099976394424743,71.325466617104,-3.0,-4.0,-6.0,-4.0,parallax,1.333188609016704,0.7329707438155663,4,2,0.651578115112156,0.7146913143446885,0.7329707438155663,0.677402998110601,-5.0
19,30,75.62090725257075,27.50402283190156,-7.0,-10.0,-2.0,-10.0,parallax,1.081512916082968,0.7583114017147201,4,1,0.6812938019470561,0.6606163159219715,0.7583114017147201,0.7062753832527853,-5.0
19,32,44.904858678576176,175.1346847299061,5.0,-2.0,0.0,-2.0,parallax,1.2614775552181523,0.733819428209788,4,3,0.5812610471935103,0.5734773698817334,0.6582840525980936,0.733819428209788,-5.0
19,34,101.66836765078722,108.30441773765142,-3.0,-6.0,-8.0,-6.0,parallax,1.6474864982863981,0.6505651429257756,4,3,0.4147119955163766,0.536455059727266,0.6505651429257756,0.45009448522491535,-5.0
19,35,172.05143589410466,59.451425264413565,-1.0,-8.0,-2.0,-8.0,parallax,1.519688514356611,0.7447578576241054,4,2,0.5948362287132225,0.5856044928298686,0.7447578576241054,0.6318647922170006,-5.0
19,43,18.655683513006114,36.10515802047146,-11.0,-8.0,-4.0,-8.0,parallax,2.1083378034647935,0.751685361463246,4,3,0.650896543976697,0.751685361463246,0.7036564706240894,0.6285826399029092,-5.0
19,45,32.85848517081788,9.384915778276852,-1.0,-2.0,-2.0,-2.0,parallax,0.8660254037844386,0.7950393138584685,4,1,0.6349669977909178,0.7758860576708274,0.7950393138584685,0.7099951849854773,-5.0
19,46,157.50292338467128,39.712964030794474,-1.0,2.0,0.0,2.0,parallax,1.7897178743421804,0.6898644630887644,4,1,0.5169263047078,0.6898644630887644,0.6849681867567233,0.6450876783017314,-5.0
19,48,79.33435011931148,222.91536222035168,1.0,4.0,0.0,4.0,parallax,1.6464435955676542,0.8196754492839673,4,2,0.6804224811961671,0.6775879617149739,0.8196754492839673,0.778560705377828,-5.0
19,51,111.57463429408593,92.51793690307453,-3.0,-4.0,2.0,-4.0,parallax,1.0636804017475254,0.6459391374071597,4,4,0.5777000892421397,0.6459391374071597,0.6124929373051075,0.5165887842010267,-5.0
19,52,69.25355995821721,172.2751789831583,1.0,0.0,0.0,0.0,parallax,1.0,0.8504575134875331,4,1,0.7211847405226097,0.7594194186204436,0.8504575134875331,0.8281562319963387,-5.0
19,53,186.43385896726556,31.339989870268482,-1.0,0.0,-2.0,0.0,parallax,1.2102820013661533,0.7751440563179948,4,2,0.6730604907730381,0.7751440563179948,0.7599762633887287,0.7062565166433323,-5.0
19,56,10.973679960541766,49.31104786929896,1.0,-10.0,-4.0,-10.0,parallax,2.285966823905555,0.6430438598577283,4,3,0.5054708008168116,0.6430438598577283,0.6335568541398989,0.4903756447312382,-5.0
19,61,167.8401435702332,148.3931663384105,1.0,-2.0,-4.0,-2.0,parallax,0.862572799082748,0.8388086445155747,4,1,0.6676093201101739,0.752617592798542,0.8388086445155747,0.7692218495474531,-5.0
19,65,38.24006383516404,29.31341888537711,-3.0,-2.0,-2.0,-2.0,parallax,1.9364916731037085,0.724291084546863,4,4,0.4146905577702498,0.6813400932491872,0.724291084546863,0.6080271067744555,-5.0
19,69,193.01316802195228,11.534568149114882,-7.0,-4.0,-4.0,-4.0,parallax,0.7071067811865476,0.7708229274376942,4,2,0.56029137927812,0.6019234522378323,0.7708229274376942,0.6343823004078142,-5.0
19,70,132.1079596982855,71.1378772169444,1.0,-6.0,0.0,-6.0,parallax,1.0519046392173983,0.7228322873794915,4,2,0.5730335340630434,0.6731668117426945,0.7228322873794915,0.5427485495117412,-5.0
19,72,125.04517970963953,99.03536071380138,-5.0,-4.0,-10.0,-4.0,parallax,1.5207034986778272,0.674530395310192,4,2,0.5466319269666412,0.6327082096455559,0.674530395310192,0.49308418667145415,-5.0
19,73,115.66653795958084,60.09194319384059,-3.0,-6.0,-2.0,-6.0,parallax,0.9603223526756985,0.761381298049542,4,4,0.5689533106955601,0.652750368736659,0.761381298049542,0.6536334634836211,-5.0
19,75,108.13171368336512,100.50195763477562,-11.0,-4.0,-4.0,-4.0,parallax,1.0,0.6345654095058874,4,2,0.5337171742610021,0.6345654095058874,0.6147598244478537,0.6228294184804033,-5.0
19,76,83.54512423011148,210.0912858393348,3.0,0.0,0.0,0.0,parallax,1.224744871391589,0.736415106731945,4,3,0.7021702965986841,0.5746800334917671,0.736415106731945,0.7144162590761249,-5.0
19,77,124.01910604510745,159.82541732576868,-1.0,-2.0,-4.0,-2.0,parallax,1.0790204874131228,0.696227580389679,4,1,0.646631251219521,0.696227580389679,0.694776048617421,0.6207728942680372,-5.0
19,87,60.69617454016611,90.02678011813641,3.0,0.0,-2.0,0.0,parallax,1.3649933468261335,0.6983845946125904,4,1,0.6283308162521466,0.6675021871662778,0.6983845946125904,0.6742855154711205,-5.0
19,97,125.63924621338536,17.85341209093844,-13.0,0.0,-4.0,0.0,parallax,2.427594327986492,0.6182237158897718,4,2,0.24352104755318485,0.5715137114660639,0.6182237158897718,0.48022865753483074,-5.0
19,115,40.32801095002216,111.59987365359048,1.0,-2.0,0.0,-2.0,parallax,1.1478281643140942,0.91467879423584,4,1,0.8749152163131838,0.91467879423584,0.9116592612676099,0.8898365176760582,-5.0
19,123,20.020387202397043,121.57027793008116,1.0,-2.0,-2.0,-2.0,parallax,0.8660254037844386,0.8270831389729684,4,1,0.667188271864411,0.7961288224625602,0.8270831389729684,0.7856474444925774,-5.0
24,0,38.49340787279345,147.51527074995468,7.0,4.0,2.0,4.0,parallax,1.1579596570991768,0.871770797275984,4,2,0.7648865978660915,0.8491484071943357,0.8311629790060779,0.871770797275984,5.0
24,3,43.32002724293811,193.90009526361445,5.0,-2.0,0.0,-2.0,parallax,1.1010993042531856,0.8557173738322253,4,4,0.814646387763285,0.7640219375731289,0.8474244769266224,0.8557173738322253,5.0
24,4,89.31648716619019,99.28530184918635,3.0,2.0,-4.0,2.0,parallax,1.061023410299127,0.9064773462648723,4,2,0.844620815441338,0.9050775619234365,0.9064773462648723,0.8814939665527526,5.0
24,5,236.295605617815,20.59204598722419,5.0,10.0,2.0,10.0,parallax,1.2660497645456608,0.8941146708802264,4,4,0.8166797531123798,0.7693803029678388,0.8920923600558832,0.8941146708802264,5.0
24,6,13.050898504166248,54.74684603286149,1.0,2.0,2.0,2.0,parallax,0.5,0.7877331759851911,4,3,0.7397885579635696,0.7753955630676654,0.7877331759851911,0.7481865072804318,5.0
24,7,157.38363745591934,38.435613177105,3.0,2.0,2.0,2.0,parallax,1.3228756555322954,0.7868761905202475,4,1,0.5525406356367026,0.7449196251089002,0.7868761905202475,0.7448657513508139,5.0
24,10,174.3522426539133,229.39946294751212,9.0,8.0,6.0,8.0,parallax,1.4374474420538939,0.8234291682649484,4,1,0.7464449221976011,0.8234291682649484,0.765706281210935,0.7721425937810145,5.0
24,11,46.80016771290386,65.33517778158347,-1.0,0.0,-8.0,0.0,parallax,1.2920284767296317,0.8538309077736956,4,1,0.8097232712064804,0.838227632950146,0.8538309077736956,0.8235104277731705,5.0
24,15,114.83643351929668,33.639766517991596,-3.0,2.0,4.0,2.0,parallax,1.3084198026963534,0.8188884084799516,4,4,0.5964149826504163,0.8188884084799516,0.8049045599905934,0.7884739643681961,5.0
24,21,125.05397556494425,160.98930406900163,11.0,8.0,8.0,8.0,parallax,1.224744871391589,0.7905230417500423,4,2,0.7086607994394925,0.7905230417500423,0.7772249654726743,0.6988268087750139,5.0
24,23,33.15962557002614,222.92242777133853,7.0,4.0,4.0,4.0,parallax,1.3228756555322954,0.7641620487735225,4,3,0.7240170134984024,0.6173642738800306,0.7358664570042895,0.7641620487735225,5.0
24,26,208.3522563394062,43.080850236557495,11.0,6.0,4.0,6.0,parallax,1.0396082109950049,0.8303842232084542,4,1,0.760600036193408,0.8303842232084542,0.8239562873458941,0.7490838237658421,5.0
24,31,184.58923648382537,29.090375541535064,3.0,4.0,2.0,4.0,parallax,1.1075666392697718,0.8753594348539759,4,3,0.7803341989923396,0.8238550556637207,0.8753594348539759,0.7938035290998725,5.0
24,39,194.18250863406655,227.34348051890564,13.0,14.0,2.0,14.0,parallax,2.095527287188895,0.715144747952736,4,1,0.666719298105792,0.6728733411583646,0.5883090596545054,0.715144747952736,5.0
24,41,172.05952134186637,49.08351202784384,5.0,0.0,2.0,0.0,parallax,0.9232343668298505,0.6562888790414875,4,1,0.5300385349068942,0.5284011166526559,0.5932794029303732,0.6562888790414875,5.0
24,44,243.8219932737677,157.5127497239233,11.0,12.0,12.0,12.0,parallax,1.3228756555322954,0.8526814269491987,4,2,0.776964382343462,0.8415775390954926,0.8374729843983559,0.8526814269491987,5.0
24,47,21.924431457179647,23.433673204692933,9.0,8.0,2.0,8.0,parallax,1.0965439943410527,0.7403398189276624,4,3,0.44323185342601334,0.7403398189276624,0.577741492269951,0.6712452832893783,5.0
24,49,166.19591964215996,7.017266328580454,9.0,6.0,0.0,6.0,parallax,2.347187444134099,0.814594555140817,4,1,0.570059279949777,0.814594555140817,0.8059484616375436,0.6980193342462007,5.0
24,58,9.34877142350494,47.02998422820964,3.0,4.0,4.0,4.0,parallax,1.0,0.7489017160653179,4,3,0.6177816405345671,0.7314838018643592,0.7489017160653179,0.6950888843827074,5.0
24,60,104.29169335630198,47.68153320072175,3.0,0.0,0.0,0.0,parallax,1.118033988749895,0.8507492702627357,4,3,0.7334509072399331,0.8181904021567243,0.8507492702627357,0.7740551347592534,5.0
24,62,58.117340510875295,213.35069021435854,3.0,8.0,2.0,8.0,parallax,1.1676771415458966,0.6200503586980942,4,2,0.5055834945483123,0.5524122218468637,0.6200503586980942,0.5146362200934698,5.0
24,63,238.64556771408493,117.81101295050698,9.0,14.0,4.0,14.0,parallax,1.1522616959506906,0.7186811768594891,4,4,0.65168472696705,0.706445296863123,0.651383641683118,0.7186811768594891,5.0
24,64,19.787916676691992,121.6230903830725,5.0,-2.0,0.0,-2.0,parallax,1.6448003905516317,0.8225831168113504,4,2,0.6012618188242308,0.792289495741566,0.8225831168113504,0.7341479355934534,5.0
24,66,78.89174861606283,29.5133320836217,3.0,-2.0,-4.0,-2.0,parallax,1.1993992819418573,0.7346910109037111,4,3,0.6527795841581027,0.6687118693565559,0.7346910109037111,0.6033947171454733,5.0
24,68,236.10174920284348,221.52499031938845,7.0,6.0,2.0,6.0,parallax,1.4596623452320807,0.8576847905218385,4,4,0.8469328226066251,0.8576847905218385,0.8190377830354935,0.8499089535900268,5.0
24,71,216.75051792901405,67.67822690310393,5.0,6.0,0.0,6.0,parallax,1.1278516659060056,0.6876235929760751,4,1,0.5053150477582751,0.6147979460573714,0.5779564436718159,0.6876235929760751,5.0
24,73,71.53430293036459,123.73006640792708,5.0,0.0,0.0,0.0,parallax,1.5,0.7026605052530492,4,3,0.48445948235054515,0.7026605052530492,0.5804902278447162,0.6084160648854503,5.0
24,81,75.3098373981107,189.81703158446976,9.0,6.0,4.0,6.0,parallax,0.9645660263904645,0.7800910398834253,4,2,0.665314738086699,0.7025655315929445,0.7800910398834253,0.735967737921615,5.0
24,86,185.49224703616835,221.02084797376435,13.0,8.0,4.0,8.0,parallax,1.5609402698908477,0.7495895722584017,4,1,0.5431806094854644,0.7191018073527461,0.7495895722584017,0.6923537841199612,5.0
24,88,159.50988856540508,53.18522236723221,-1.0,6.0,0.0,6.0,parallax,1.6785240551404743,0.7775775057846077,4,3,0.6638080377006887,0.6782284211397838,0.7775775057846077,0.6686671045219459,5.0
24,90,109.84963641667069,227.05085265606732,11.0,6.0,6.0,6.0,parallax,0.7071067811865476,0.745929603545069,4,2,0.6132696262187017,0.6664835994566258,0.745929603545069,0.7307701382525907,5.0
24,93,248.83983109347696,48.13357403608587,13.0,16.0,8.0,16.0,parallax,1.3193052698723688,0.8524879924939899,4,4,0.7951087639985324,0.8524879924939899,0.8494847945084518,0.8057096785465049,5.0
24,94,146.42940802462937,104.28169862463608,5.0,4.0,2.0,4.0,parallax,1.0093511012004557,0.7489365025856651,4,1,0.6909757553942852,0.7489365025856651,0.7249315395130514,0.5536746938257745,5.0
24,99,131.2116253388214,73.68738078506175,9.0,2.0,-2.0,2.0,parallax,1.2074980782587421,0.7091067012585605,4,2,0.5568958535621167,0.7091067012585605,0.7086164990409954,0.5763787141954537,5.0
24,102,92.58654532493237,146.57554462403374,3.0,0.0,0.0,0.0,parallax,1.118033988749895,0.5523427260661709,4,2,0.46766673306846424,0.5172569277054224,0.4964817906833663,0.5523427260661709,5.0
24,103,186.7158886042119,4.842414829600147,5.0,2.0,4.0,2.0,parallax,1.3201923169459016,0.8860521829498559,4,1,0.8137902335777938,0.8839303557692788,0.8860521829498559,0.8624801383431564,5.0
24,106,197.2842600995367,124.92495186673573,11.0,8.0,6.0,8.0,parallax,1.0491187026411315,0.6902996561345921,4,1,0.6692558991057448,0.647744326654619,0.6902996561345921,0.6771068014673922,5.0
24,114,66.33714624289631,162.44726984258216,5.0,2.0,2.0,2.0,parallax,2.0,0.5715804295001093,4,3,0.45736918383134023,0.49831492470831096,0.5654988248139693,0.5715804295001093,5.0
24,115,203.75152750900926,82.04493386275439,11.0,6.0,6.0,6.0,parallax,0.5,0.6508990189693609,4,1,0.586919894976718,0.5026943463316419,0.5665249666698119,0.6508990189693609,5.0
24,116,142.02778614373838,146.11761425113497,11.0,6.0,2.0,6.0,parallax,1.2229751410164789,0.6168519078653798,4,1,0.3014284605633956,0.5582081204989767,0.6066550299604632,0.6168519078653798,5.0
24,118,72.2105210320249,226.98132717598634,11.0,8.0,6.0,8.0,parallax,0.9558574223915167,0.4989103311716065,4,3,0.40653401776791026,0.2543431322662073,0.4989103311716065,0.44534565841515805,5.0
24,128,65.1881337215139,62.46752334103002,11.0,6.0,0.0,6.0,parallax,0.9567623106049313,0.56099051870828,4,3,0.5045875246693247,0.48903425001531453,0.5315384346682774,0.56099051870828,5.0
24,129,109.0608161302765,100.40473636656644,-3.0,-2.0,2.0,-2.0,parallax,0.9152594905905913,0.6481282240289553,4,2,0.5076914840974731,0.6481282240289553,0.637930774552313,0.5904945341066913,5.0
24,130,187.8289404627414,48.048147268016145,3.0,4.0,0.0,4.0,parallax,1.0371237681109933,0.8776935611691663,4,3,0.822762760567344,0.877292737418811,0.8776935611691663,0.8150701534951712,5.0
24,132,218.3719440243178,224.5024102195283,1.0,6.0,4.0,6.0,parallax,1.119484429001524,0.8121110697226297,4,3,0.6455366157303954,0.8121110697226297,0.6930220606177758,0.589523720392985,5.0
24,139,19.377158218639998,132.85145400394873,3.0,2.0,4.0,2.0,parallax,1.4285411183098582,0.6824500074931424,4,2,0.5176502669157398,0.6361431227479732,0.6824500074931424,0.6320729436688154,5.0
24,141,128.16299493952343,245.81755513168022,9.0,4.0,4.0,4.0,parallax,1.322875655532298,0.6941456560402307,4,1,0.6404012728568033,0.6072131586142078,0.6755648368117371,0.6941456560402307,5.0
24,147,139.3238904454646,132.88970621788613,5.0,6.0,2.0,6.0,parallax,1.0462088680724937,0.6659565770285547,4,3,0.45251724810350846,0.5230522240292219,0.6659565770285547,0.5688491352892752,5.0
24,153,215.81758656741087,140.0637009589926,7.0,8.0,8.0,8.0,parallax,1.0,0.7664019667924096,4,1,0.6632050563602293,0.7664019667924096,0.7349563657747119,0.7005872768114411,5.0
24,155,213.29465908779778,100.77364697526967,7.0,6.0,4.0,6.0,parallax,1.079053883255777,0.6622324861183939,4,1,0.5590010029436843,0.6040009663525461,0.49306886054367405,0.6622324861183939,5.0
24,157,27.44813298997875,147.54441546838873,7.0,2.0,2.0,2.0,parallax,0.7071067811865476,0.6829903389424516,4,2,0.5870000701353314,0.6829903389424516,0.6829791790709192,0.5765530163221034,5.0
24,160,96.83098539750573,201.56829456663164,5.0,6.0,2.0,6.0,parallax,2.039652652548411,0.5229053713586672,4,2,0.5229053713586672,0.4751848031963001,0.44735131118931426,0.4771145549516832,5.0
24,163,175.23636299213996,4.047113153061646,3.0,-4.0,-2.0,-4.0,parallax,1.958102911113131,0.7499924578320635,4,2,0.47771354935826466,0.7499924578320635,0.5798097704148253,0.6119040720595538,5.0
24,168,159.19338163937394,81.47069846912764,5.0,2.0,0.0,2.0,parallax,1.2879204497278238,0.6130354634809504,4,2,0.32815107851830516,0.5689246794014559,0.6130354634809504,0.21312650810541048,5.0
24,170,214.6409998996085,49.55779645882099,-9.0,4.0,12.0,4.0,parallax,1.2784267844646382,0.5294395340312883,4,2,0.166583042972172,0.45415283174064985,0.5294395340312883,0.30518165463721947,5.0
24,171,196.50632240512775,100.82686621969826,5.0,8.0,2.0,8.0,parallax,1.0496959472233955,0.6753820691229355,4,1,0.507601604994794,0.6753820691229355,0.6744349855441312,0.5994252339583493,5.0
24,172,126.14312096245123,17.552928514228746,5.0,0.0,4.0,0.0,parallax,1.4203406322879086,0.6689885739612496,4,2,0.33080658449929096,0.6559400073988946,0.6689885739612496,0.48846617905834117,5.0
24,175,64.60318677184453,102.89232958031272,-5.0,2.0,-4.0,2.0,parallax,1.3120208652233085,0.6185444560465794,4,2,0.3594773881999403,0.6185444560465794,0.6022551497472025,0.5017551399856143,5.0
24,177,82.71955282088696,237.284186955079,17.0,4.0,4.0,4.0,parallax,1.7320508075688772,0.600832140942276,4,3,0.4670039408371616,0.3736730715735948,0.4872568994461411,0.600832140942276,5.0
24,180,223.85151553423944,204.41010262604806,9.0,6.0,4.0,6.0,parallax,1.422146540286633,0.6262139953180438,4,1,0.5620929707598848,0.5091344752646126,0.4872453667059785,0.6262139953180438,5.0
24,185,239.3345681067556,56.527642616330276,1.0,14.0,4.0,14.0,parallax,1.0488599316213327,0.6578344392262424,4,1,0.54130032523431,0.6578344392262424,0.5499377676398579,0.6445384702732311,5.0
24,187,249.07470245066872,18.685612159025133,15.0,12.0,2.0,12.0,parallax,0.941614320058958,0.8462338087412608,4,4,0.7497148158909956,0.8304406056298859,0.8462338087412608,0.7111752924620008,5.0
24,189,230.42464181737347,149.590751550093,9.0,10.0,6.0,10.0,parallax,1.7975757801911572,0.5894196054336712,4,2,0.5807562498556559,0.5894196054336712,0.5079641715695457,0.5607600251143601,5.0
24,190,68.99295311416014,237.6767707492055,7.0,6.0,6.0,6.0,parallax,1.118033988749895,0.7677340350028118,4,2,0.7244198654617222,0.7458542608297104,0.6990698490879266,0.7677340350028118,5.0
24,227,94.74183076374096,219.19148043707094,13.0,4.0,2.0,4.0,parallax,1.3456024691378605,0.6636261285559223,4,1,0.5890754966588128,0.5323906862895333,0.6547409402905124,0.6636261285559223,5.0
24,232,41.619007040845126,205.8975626992515,11.0,6.0,6.0,6.0,parallax,1.0,0.6591645244925608,4,2,0.6248207809717989,0.6591645244925608,0.6482575532840683,0.5695794400968809,5.0
24,238,155.27681244524882,18.657906932928835,5.0,-2.0,2.0,-2.0,parallax,1.7750648197339465,0.6080614325602578,4,4,0.25892093054022075,0.4247670972390745,0.6080614325602578,0.46000257545531287,5.0
24,239,146.3245783555868,224.0103654251581,7.0,4.0,2.0,4.0,parallax,1.194228773026141,0.5505300592037419,4,1,0.41674183553059513,0.5505300592037419,0.5398205125562658,0.49675643439234696,5.0
24,242,129.0956081659649,226.13090858268816,9.0,0.0,0.0,0.0,parallax,1.118033988749895,0.7532521790784739,4,2,0.5178701848396954,0.7260348575436123,0.7532521790784739,0.7220463917088966,5.0
24,254,144.43129711250222,92.63007449483091,5.0,8.0,2.0,8.0,parallax,1.1456021025718792,0.6212483784663201,4,3,0.4250122098931054,0.574159091116049,0.6212483784663201,0.28358140483220845,5.0
29,2,200.9303739128054,168.17535661808327,15.0,14.0,6.0,14.0,parallax,1.1777085226031176,0.8210841418325037,4,1,0.7743618604692144,0.78187074272629,0.6580257167099127,0.8210841418325037,15.0
29,5,24.592008834454372,171.86863210967218,5.0,2.0,0.0,2.0,parallax,1.6003310751880957,0.8475834859280461,4,3,0.7226799407821896,0.8200639688995395,0.8294799889435677,0.8475834859280461,15.0
29,6,78.9109726406267,222.67010654529767,19.0,12.0,6.0,12.0,parallax,1.0832808759340193,0.8262253009681234,4,3,0.7560564357820571,0.7036830084669238,0.8177604083104669,0.8262253009681234,15.0
29,7,212.3246138199849,61.30956818548863,15.0,14.0,0.0,14.0,parallax,1.0383169614789025,0.6338963281618716,4,1,0.5137015293000566,0.5606517593982389,0.5563083653466824,0.6338963281618716,15.0
29,9,156.01813990450609,37.321578455040076,15.0,8.0,2.0,8.0,parallax,0.9085793805864564,0.7292322694533074,4,3,0.5672384786821635,0.6766116812683795,0.7292322694533074,0.6667829729900933,15.0
29,12,208.94496667082925,42.31135575084292,19.0,8.0,6.0,8.0,parallax,0.8944799146348102,0.7984760787715584,4,1,0.7682532074922487,0.7744704464592059,0.7984760787715584,0.7473605079182891,15.0
29,15,146.84582950429754,44.465832129922084,3.0,6.0,0.0,6.0,parallax,1.4460597652476184,0.8508230766269528,4,4,0.6631964752042908,0.8300182272044774,0.8508230766269528,0.7846486275753134,15.0
29,16,42.544824816785464,194.3421916904499,9.0,6.0,6.0,6.0,parallax,1.3228756555322954,0.8158260997755008,4,2,0.7587309759169953,0.7342913771484683,0.8158260997755008,0.8111140559876807,15.0
29,25,232.65952389142834,205.36507133063702,9.0,12.0,6.0,12.0,parallax,1.0861356744674628,0.8148629711122894,4,3,0.7625103193813882,0.7623621118154031,0.8148629711122894,0.7820256415132056,15.0
29,27,25.447988239404996,26.6387266930175,25.0,12.0,2.0,12.0,parallax,3.2993829859387813,0.7239945420594902,4,1,0.49156249829245535,0.6815934800166806,0.49917127405117623,0.7239945420594902,15.0
29,28,215.589033984677,114.39094262495527,13.0,10.0,6.0,10.0,parallax,1.4189200072583452,0.6696005489233263,4,1,0.6329293753443704,0.6653577580205806,0.6362537515429836,0.6696005489233263,15.0
29,29,106.66963476398534,196.09139702811981,25.0,2.0,6.0,2.0,parallax,1.8732703591863713,0.7345716708489308,4,3,0.6542065853220158,0.6100452516646058,0.7345716708489308,0.7048380916314848,15.0
29,30,144.5197269350467,17.1677255582486,15.0,10.0,4.0,10.0,parallax,1.420732596594518,0.8018585234084993,4,1,0.6725324456905839,0.787171623822675,0.8018585234084993,0.7761360976615913,15.0
29,31,169.55977557758274,146.58968909564913,13.0,10.0,6.0,10.0,parallax,1.523463464889509,0.7404069745831644,4,3,0.5787515454466502,0.6780971788691843,0.7404069745831644,0.7372424776347472,15.0
29,33,25.418308649241023,153.45658006344505,19.0,12.0,2.0,12.0,parallax,1.3737774689018036,0.7970842387716723,4,3,0.6987181630022824,0.7280479405325149,0.7240719913656727,0.7970842387716723,15.0
29,35,185.79148324483182,222.34216008806024,11.0,10.0,2.0,10.0,parallax,1.4982913968424365,0.7136691245559776,4,1,0.6053797224026594,0.6627195122520337,0.6766869249570717,0.7136691245559776,15.0
29,37,10.103202489709869,220.16283505672124,9.0,16.0,8.0,16.0,parallax,1.3562231727484477,0.7280075052359224,4,2,0.5801855864089012,0.6120696509460614,0.6362339313093464,0.7280075052359224,15.0
29,40,199.69568459850558,127.53721418293249,15.0,14.0,6.0,14.0,parallax,1.2427131399331337,0.6999901941021118,4,1,0.662460443534499,0.6680633240707612,0.6335730977578069,0.6999901941021118,15.0
29,41,225.8984510856709,171.72308555088983,15.0,18.0,14.0,18.0,parallax,1.100495300525176,0.8349631973007061,4,2,0.8271701799750454,0.8229857846388707,0.8012616098929481,0.8349631973007061,15.0
29,44,148.53338496326148,216.21075049837222,9.0,14.0,6.0,14.0,parallax,1.271969108897735,0.6938788725508297,4,1,0.678383885422761,0.6938788725508297,0.6812789544436667,0.6053617806464213,15.0
29,45,70.50413278452632,206.82831933429264,11.0,4.0,0.0,4.0,parallax,1.7522586805368001,0.6743734571527962,4,3,0.5872169839555706,0.6316494059547311,0.6743734571527962,0.6612333335746033,15.0
29,47,58.878648101642206,212.8147101941848,19.0,12.0,10.0,12.0,parallax,3.2614131118275678,0.5790520049284202,4,2,0.5574624181060818,0.4564090183040846,0.5790520049284202,0.5474989555294325,15.0
29,48,44.692764889866595,174.2114966817189,15.0,8.0,6.0,8.0,parallax,1.7610717517229573,0.6876955801016638,4,3,0.4808966020367399,0.48485194866481596,0.5746187945192529,0.6876955801016638,15.0
29,52,216.62387886400373,70.21176230710624,13.0,12.0,12.0,12.0,parallax,1.3228756555322954,0.6746438170019654,4,1,0.5638316499138278,0.5628011390519019,0.5347149668646317,0.6746438170019654,15.0
29,54,183.94460118600472,28.56748906943978,21.0,8.0,2.0,8.0,parallax,1.7904091039124175,0.5986951388054426,4,3,0.4763621125833911,0.5248722028745064,0.5986951388054426,0.5518049758201578,15.0
29,57,211.78172615134508,218.90210530747336,9.0,8.0,6.0,8.0,parallax,1.1567836547555987,0.8283928702964239,4,1,0.7239062606800732,0.8283928702964239,0.8099396415607117,0.7846829853546246,15.0
29,58,213.50052773383766,32.03605955116848,13.0,8.0,4.0,8.0,parallax,1.3002551125162325,0.7216828104294432,4,1,0.7216828104294432,0.6289141061524184,0.7007860700419837,0.702878559635068,15.0
29,61,8.120277161738864,172.22724179856996,7.0,10.0,8.0,10.0,parallax,1.7634162424521116,0.5942219594690646,4,2,0.5691231009137382,0.5391385955225979,0.5591269710306673,0.5942219594690646,15.0
29,62,138.2314101920567,60.31925719095682,15.0,6.0,2.0,6.0,parallax,0.9419793844587886,0.7724268634096058,4,1,0.5190083064445549,0.7229979521236632,0.7724268634096058,0.6809672162272566,15.0
29,63,8.711393790622136,88.74961381646486,13.0,8.0,0.0,8.0,parallax,1.5705099336558106,0.772286623280747,4,2,0.7459080392900621,0.772286623280747,0.6847641472925424,0.7391833406011289,15.0
29,66,114.21466421747519,1.7774753972926849,15.0,2.0,0.0,2.0,parallax,5.4054599242796115,0.7226075865897977,4,3,0.5263175764840422,0.721470372667973,0.6002621085419027,0.7226075865897977,15.0
29,67,127.07820816143592,53.179656566119675,15.0,-2.0,-10.0,-2.0,parallax,1.390632963502817,0.7504491261617419,4,3,0.6020306050424445,0.6779298595259651,0.7504491261617419,0.674593327808571,15.0
29,69,160.0129393523631,54.665439659114995,15.0,0.0,4.0,0.0,parallax,2.109565620714476,0.6889984840930952,4,1,0.591758868164349,0.5572044903647992,0.6889984840930952,0.6687859019480838,15.0
29,70,172.36691028896996,51.06692962056151,9.0,6.0,2.0,6.0,parallax,2.593532013937271,0.5934289329217717,4,1,0.4786451466473223,0.3477380331354019,0.5262850232299253,0.5934289329217717,15.0
29,71,99.37978114647125,204.08159648716952,15.0,12.0,10.0,12.0,parallax,1.3538424025465197,0.49986957406938165,4,1,0.49986957406938165,0.36213708400483197,0.38470815208970166,0.4971991669286099,15.0
29,72,250.80123449193792,17.974675427716484,15.0,12.0,2.0,12.0,parallax,3.0425208004886515,0.7224094212871304,4,4,0.6051006731144486,0.7224094212871304,0.6928658837455384,0.6360833195458347,15.0
29,76,79.90597175136881,236.7773856501896,17.0,14.0,8.0,14.0,parallax,0.938023624739889,0.6323617913326556,4,3,0.47679170370448026,0.4127319539739822,0.5164720682945998,0.6323617913326556,15.0
29,77,55.15159917328374,123.24632893682185,9.0,6.0,4.0,6.0,parallax,2.007987782906408,0.6513183094398622,4,3,0.6513183094398622,0.5434155165684904,0.5640060318822887,0.6300514975619103,15.0
29,79,240.15679498668663,10.885114331212831,13.0,8.0,6.0,8.0,parallax,1.1308023545805828,0.6625148125550018,4,4,0.45876898114884335,0.29601746992501154,0.5407732921185461,0.6625148125550018,15.0
29,80,213.57543808608676,137.4788429978959,21.0,10.0,4.0,10.0,parallax,1.826899236797053,0.6989762188748436,4,3,0.6154237526277527,0.6989762188748436,0.6192761528208649,0.6954287299553075,15.0
29,90,17.827326573637187,131.69381968989404,15.0,10.0,4.0,10.0,parallax,1.6260259179308623,0.6901140267815705,4,3,0.5893489283070914,0.5761867804881877,0.6431632227978167,0.6901140267815705,15.0
29,95,67.56994378918117,236.14726171564902,15.0,8.0,4.0,8.0,parallax,1.841913409658631,0.7261474866865376,4,3,0.688876244495931,0.6516816928935084,0.7111401547303694,0.7261474866865376,15.0
29,107,67.58175064570004,171.63170912011392,7.0,8.0,6.0,8.0,parallax,1.202152411707661,0.8339476839157471,4,3,0.7391083229519352,0.7152094149203277,0.8101247306000425,0.8339476839157471,15.0
29,110,87.26116201010026,239.18589455397793,13.0,14.0,12.0,14.0,parallax,1.1953679374498172,0.6442293851417001,4,2,0.6198469357126496,0.4734437625990529,0.6030879343420217,0.6442293851417001,15.0
29,114,41.68608676199382,216.687452719148,17.0,16.0,12.0,16.0,parallax,1.2126969500243316,0.5004210577134128,4,3,0.38662377918535257,0.39909748748958124,0.5004210577134128,0.4644432274011993,15.0
29,133,139.248984246107,136.18369376417084,11.0,10.0,8.0,10.0,parallax,1.0462971584298717,0.6537759013941496,4,2,0.43108711052956217,0.4500628912860947,0.6537759013941496,0.5224939052190811,15.0
29,149,89.86216243349061,95.85752947132113,13.0,4.0,-2.0,4.0,parallax,3.881325416382035,0.6973747296510625,4,3,0.5652599996221948,0.6738725908255376,0.6973747296510625,0.6051706481460077,15.0
29,152,223.8173320393981,206.3764331687231,15.0,14.0,8.0,14.0,parallax,0.8854738058469808,0.5511345266848527,4,1,0.5254503692701757,0.4661072276768923,0.47468069264536256,0.5511345266848527,15.0
29,172,120.43411938137685,60.35771614559942,15.0,4.0,6.0,4.0,parallax,1.9451335035965018,0.6762655178488595,4,3,0.4011028253789912,0.5827536680149944,0.6762655178488595,0.4755467700328709,15.0
29,199,243.38590502961551,8.156811565103906,13.0,10.0,4.0,10.0,parallax,1.7131046570194177,0.7576200212671503,4,2,0.6716305451139517,0.5524420318820017,0.7576200212671503,0.3633384519003983,15.0
