plane_id,roi_idx,x,y,z_um_plane,snr
14,8,75.15060240963855,82.08433734939759,-15.0,2.529247467821373
14,13,78.45394736842105,28.019736842105264,-15.0,1.3513755079275032
14,14,160.2357142857143,7.507142857142857,-15.0,1.4635245151220346
14,15,137.75,29.180555555555557,-15.0,1.5482372931228796
14,17,51.712418300653596,87.05882352941177,-15.0,1.5301393627979343
14,18,40.63768115942029,83.8768115942029,-15.0,1.608356910860032
14,19,149.27142857142857,5.571428571428571,-15.0,1.4217161287035949
14,48,115.33944954128441,58.357798165137616,-15.0,1.4296582703095335
14,53,16.764705882352942,128.24705882352941,-15.0,1.3385565776464963
19,3,113.58169934640523,33.47712418300654,-5.0,1.8939370492783592
19,10,192.80188679245282,129.43396226415095,-5.0,2.0110400617406756
19,11,142.93846153846152,12.961538461538462,-5.0,2.353344180996063
19,13,25.17610062893082,93.45911949685535,-5.0,2.431503519213433
19,14,125.15602836879432,53.91489361702128,-5.0,1.7809117671582577
19,17,109.52678571428571,7.232142857142857,-5.0,1.8947632065971918
19,18,162.1596638655462,6.352941176470588,-5.0,1.5503570907193653
19,23,106.92753623188406,195.46376811594203,-5.0,1.6486255754129227
19,24,22.948863636363637,171.91477272727272,-5.0,2.8253708840226497
19,25,170.08823529411765,49.63235294117647,-5.0,1.2930841889259213
19,28,28.986486486486488,71.04729729729729,-5.0,1.6687298721069919
19,30,78.31428571428572,28.392857142857142,-5.0,1.4384408279880563
19,32,44.729729729729726,172.45945945945945,-5.0,1.4714143996750861
19,33,135.91780821917808,24.506849315068493,-5.0,1.457263845314054
19,34,99.27966101694915,105.88983050847457,-5.0,1.4633761416508422
19,35,169.38823529411764,61.21176470588235,-5.0,1.536293105789489
19,38,151.27906976744185,5.034883720930233,-5.0,1.5374577889226406
19,43,17.58682634730539,32.97604790419162,-5.0,1.6457227704137622
19,45,32.73033707865169,9.348314606741573,-5.0,1.851486992471773
19,46,155.89256198347107,38.56198347107438,-5.0,1.3857093045783009
19,48,78.02884615384616,219.05769230769232,-5.0,1.5209885311834137
19,51,112.13559322033899,91.16101694915254,-5.0,1.3811707853731792
19,53,185.70676691729324,29.225563909774436,-5.0,1.462767199479966
19,56,9.934782608695652,46.130434782608695,-5.0,1.408982614296836
19,61,167.18556701030928,147.81443298969072,-5.0,1.6299180236654103
19,64,10.093023255813954,15.872093023255815,-5.0,1.7982416590557546
19,65,37.0948275862069,27.20689655172414,-5.0,1.4722349616493726
19,69,192.26041666666666,11.489583333333334,-5.0,1.4697118457165892
19,70,130.5966386554622,73.84873949579831,-5.0,1.4430493787448195
19,72,123.56140350877193,98.64912280701755,-5.0,1.4379045305345275
19,73,116.21153846153847,57.86538461538461,-5.0,1.4895587250681657
19,75,107.71,100.11,-5.0,1.5181263971530914
19,76,83.21929824561404,209.2719298245614,-5.0,1.4846266523644929
19,77,124.53153153153153,160.19819819819818,-5.0,1.4513129252991215
19,87,60.45945945945946,89.67567567567568,-5.0,1.8862319720852059
19,97,124.15315315315316,17.783783783783782,-5.0,1.4030680456199096
19,123,19.942307692307693,121.09615384615384,-5.0,1.773703762771684
24,0,38.343283582089555,144.94776119402985,5.0,2.4060484027446862
24,1,145.81935483870967,45.92258064516129,5.0,1.816494765835787
24,3,43.15107913669065,193.14388489208633,5.0,1.839200025074882
24,4,88.96815286624204,98.89808917197452,5.0,4.198120908727838
24,5,234.3779527559055,22.503937007874015,5.0,2.0155654089164377
24,6,13.0,54.53333333333333,5.0,1.401886352352689
24,7,156.76984126984127,38.285714285714285,5.0,1.4725455176547195
24,9,29.145251396648046,134.2849162011173,5.0,2.7816162801753768
24,10,173.67226890756302,226.51260504201682,5.0,2.102099941943364
24,11,46.61764705882353,66.0764705882353,5.0,2.239255976006519
24,15,114.38857142857142,33.50857142857143,5.0,1.6622741186298622
24,16,64.89071038251366,217.6830601092896,5.0,2.04838215718718
24,19,106.40441176470588,196.10294117647058,5.0,1.8794917573138166
24,20,232.72988505747125,207.1206896551724,5.0,2.5680715095318427
24,21,124.56626506024097,160.36144578313252,5.0,1.3853796149381667
24,23,33.03030303030303,222.0530303030303,5.0,1.5894021097557989
24,25,34.4625,247.425,5.0,3.0706123719723477
24,26,207.53968253968253,40.92063492063492,5.0,1.7826451374519587
24,28,209.38235294117646,58.754901960784316,5.0,1.4379290793752526
24,29,7.427350427350428,114.00854700854701,5.0,3.4611971822773553
24,31,185.86153846153846,28.976923076923075,5.0,2.3228406386490454
24,32,79.47945205479452,221.486301369863,5.0,1.8055442756206308
24,33,153.046875,120.328125,5.0,1.8660757583049277
24,35,136.7314814814815,57.657407407407405,5.0,1.6331358841121404
24,36,214.57971014492753,111.9927536231884,5.0,1.9219591965563259
24,37,70.03378378378379,206.94594594594594,5.0,1.4961827106575387
24,38,44.89473684210526,174.57894736842104,5.0,1.5318062579407785
24,39,193.4251968503937,222.4724409448819,5.0,1.683082967950457
24,40,210.89361702127658,30.180851063829788,5.0,2.3949612793160324
24,41,171.3884892086331,48.89208633093525,5.0,1.2902601278442558
24,44,243.8671875,154.90625,5.0,2.191527888126768
24,45,41.32,111.62222222222222,5.0,5.126035107347186
24,47,21.838926174496645,23.34228187919463,5.0,1.4796306794106069
24,49,163.55555555555554,6.98989898989899,5.0,1.5299950964827567
24,52,80.15555555555555,105.97037037037038,5.0,1.7507354901336394
24,54,27.29381443298969,155.9742268041237,5.0,1.694724245991157
24,57,203.41860465116278,150.65116279069767,5.0,1.615983499330233
24,58,10.30841121495327,45.850467289719624,5.0,1.5200052512250626
24,59,143.9108910891089,203.47524752475246,5.0,1.9014449521706456
24,60,103.88495575221239,47.49557522123894,5.0,2.2581577121776055
24,61,53.4344262295082,88.68032786885246,5.0,1.6414064623220743
24,62,59.88288288288288,211.52252252252254,5.0,1.501233957619478
24,63,236.71875,119.34375,5.0,1.5604235014912275
24,64,19.710743801652892,121.14876033057851,5.0,1.99874532361179
24,66,78.58407079646018,29.398230088495577,5.0,1.4780954142051577
24,68,235.1809523809524,221.65714285714284,5.0,2.64979674321289
24,70,210.296875,217.3984375,5.0,2.9517390788448736
24,71,214.9090909090909,66.41818181818182,5.0,1.3100242688334178
24,73,71.25531914893617,121.25531914893617,5.0,1.3974332281525024
24,77,83.0,209.15625,5.0,1.8466026585191462
24,81,75.01612903225806,188.08064516129033,5.0,1.7560584688262484
24,86,183.77272727272728,218.16666666666666,5.0,1.8264622366973666
24,87,214.6875,17.53125,5.0,2.0647392852770166
24,88,160.88,54.97,5.0,1.7008628177813727
24,90,110.41732283464567,226.16535433070865,5.0,1.7147450069214474
24,92,68.34482758620689,172.56034482758622,5.0,3.0036993798241114
24,93,243.8849557522124,49.93805309734513,5.0,1.8489682149874196
24,94,145.85833333333332,103.875,5.0,1.6446034520190833
24,99,131.696,73.4,5.0,1.5270589274435944
24,102,91.22935779816514,147.0,5.0,1.3935842070221114
24,103,184.99159663865547,4.823529411764706,5.0,4.77791464347244
24,111,238.6304347826087,11.282608695652174,5.0,1.508171447680593
24,113,33.03030303030303,10.01010101010101,5.0,2.2838012491087927
24,114,66.07843137254902,161.81372549019608,5.0,1.3947463685788866
24,115,202.95689655172413,79.73275862068965,5.0,1.3912403259131392
24,116,140.4777777777778,143.55555555555554,5.0,1.3528835212088686
24,117,245.1743119266055,76.18348623853211,5.0,2.3682101297782894
24,118,72.925,225.1,5.0,1.383767263481215
24,128,65.93,63.22,5.0,1.4336351879417288
24,129,109.63157894736842,100.01315789473684,5.0,1.6354622462935091
24,130,189.08860759493672,47.860759493670884,5.0,3.2360471005624367
24,132,218.51639344262296,224.62295081967213,5.0,1.8738636350964688
24,139,19.3015873015873,132.33333333333334,5.0,1.5905359669726733
24,140,40.99180327868852,96.10655737704919,5.0,1.582278960398672
24,141,128.65925925925927,242.86666666666667,5.0,1.8106800433575552
24,142,23.293233082706767,237.593984962406,5.0,1.4870739289650083
24,147,140.77272727272728,134.36363636363637,5.0,1.4958415213437932
24,152,118.04347826086956,58.03260869565217,5.0,1.4920969056554654
24,153,213.97979797979798,137.5252525252525,5.0,1.9221239665893162
24,155,212.46280991735537,98.38842975206612,5.0,1.4136006337930997
24,157,27.34108527131783,146.96899224806202,5.0,1.6078721418858557
24,160,98.44554455445545,200.78217821782178,5.0,1.400352180573033
24,163,174.5529411764706,6.023529411764706,5.0,1.563359880427837
24,168,159.5686274509804,80.15686274509804,5.0,1.4374172561494183
24,170,214.8,48.36842105263158,5.0,1.290038240597406
24,171,193.74774774774775,98.44144144144144,5.0,1.494552924797969
24,172,125.65116279069767,16.488372093023255,5.0,1.4144200961021975
24,175,66.34343434343434,101.4949494949495,5.0,1.377363182917532
24,177,82.3969465648855,236.3587786259542,5.0,1.3520939878164533
24,180,222.9784946236559,203.61290322580646,5.0,1.4164541301245124
24,185,237.40506329113924,52.322784810126585,5.0,2.3654987210436262
24,187,246.11111111111111,20.604938271604937,5.0,2.2171145527672396
24,189,232.5142857142857,146.01904761904763,5.0,1.4006769368319716
24,190,68.72388059701493,235.7537313432836,5.0,2.1971147071355532
24,215,10.390243902439025,15.902439024390244,5.0,2.172005562067096
24,227,93.37623762376238,218.33663366336634,5.0,1.4718953991365984
24,232,41.45669291338583,203.10236220472441,5.0,1.858446417374186
24,238,154.67123287671234,17.589041095890412,5.0,1.3481275158805297
24,239,144.7578125,222.140625,5.0,1.5839001434398352
24,242,129.58823529411765,226.2450980392157,5.0,2.048116721067476
24,254,145.86021505376345,92.26881720430107,5.0,1.4166452583219442
29,2,198.15454545454546,165.52727272727273,15.0,1.892015677259578
29,5,23.5,172.19444444444446,15.0,2.091256829972432
29,7,209.50434782608696,59.07826086956522,15.0,1.4196244446784256
29,9,157.4018691588785,39.16822429906542,15.0,1.3993499289195008
29,22,236.11904761904762,119.6984126984127,15.0,1.7567921748992155
29,27,21.364341085271317,24.54263565891473,15.0,1.4156322657933866
29,28,213.75213675213675,112.94871794871794,15.0,1.5459585504279048
29,29,106.2536231884058,197.31884057971016,15.0,1.5793150595372105
29,30,142.96,15.108571428571429,15.0,1.557793098881636
29,31,171.88679245283018,149.0062893081761,15.0,1.605037495689477
29,33,27.311377245508982,154.85029940119762,15.0,1.5656690721272013
29,36,234.59259259259258,222.5185185185185,15.0,1.6198730956005416
29,37,12.056,217.312,15.0,2.212888997638357
29,38,223.43795620437956,120.17518248175182,15.0,1.4734143096176877
29,40,195.92857142857142,125.04761904761905,15.0,2.6546963329975464
29,41,228.00574712643677,167.06896551724137,15.0,2.601853667605331
29,44,145.96190476190475,214.37142857142857,15.0,1.7664080059911225
29,45,70.22916666666667,208.01388888888889,15.0,1.427032144075353
29,47,60.6412213740458,211.98473282442748,15.0,1.4059309315629693
29,48,45.51456310679612,175.5242718446602,15.0,1.4077408648021126
29,52,214.7829457364341,67.94573643410853,15.0,1.345492996044888
29,54,186.2155172413793,30.448275862068964,15.0,1.3513068060988622
29,56,14.7984496124031,81.44186046511628,15.0,2.087088331748145
29,61,10.080808080808081,171.55555555555554,15.0,1.3388947804219666
29,63,8.67741935483871,86.41129032258064,15.0,1.5809088911010414
29,66,111.77702702702703,8.743243243243244,15.0,1.4541144539580209
29,67,128.5748031496063,57.95275590551181,15.0,1.416365445686742
29,70,169.70247933884298,50.86776859504132,15.0,1.3464259223648736
29,71,97.0,201.29347826086956,15.0,1.35889040630636
29,76,81.58653846153847,237.84615384615384,15.0,1.4244112257392154
29,77,54.93650793650794,125.75396825396825,15.0,1.3847491455345209
29,80,214.73469387755102,137.9387755102041,15.0,1.6305156115991049
29,90,19.75,133.17241379310346,15.0,1.4770867308118791
29,92,128.09154929577466,218.50704225352112,15.0,2.641128332540905
29,95,68.30252100840336,237.21848739495798,15.0,1.5577161181855521
29,109,234.02247191011236,84.96629213483146,15.0,1.341168674776929
29,110,88.91304347826087,236.2608695652174,15.0,1.3436754216488458
29,114,44.511811023622045,219.82677165354332,15.0,1.385789917630916
29,133,140.69811320754718,133.66037735849056,15.0,1.4216141130606401
29,149,92.5,99.46808510638297,15.0,1.3711895791213131
29,152,222.94444444444446,203.5793650793651,15.0,1.3322433050464708
29,154,242.67521367521368,198.44444444444446,15.0,1.7152884861359359
29,172,120.96052631578948,61.11842105263158,15.0,1.3993911052433252
29,199,245.425,8.125,15.0,1.4842582842242757
