plane_id,new_roi_idx,old_roi_idx,snr,out_dir
14,0,8,2.529247467821373,F:\SMMAS-Revision\3DLocalizationCA1R1f5\CA1R1f5Output\m2_suite2p_after_dedupe\Plane14\suite2p\plane0
14,1,13,1.3513755079275032,F:\SMMAS-Revision\3DLocalizationCA1R1f5\CA1R1f5Output\m2_suite2p_after_dedupe\Plane14\suite2p\plane0
14,2,14,1.4635245151220346,F:\SMMAS-Revision\3DLocalizationCA1R1f5\CA1R1f5Output\m2_suite2p_after_dedupe\Plane14\suite2p\plane0
14,3,15,1.5482372931228796,F:\SMMAS-Revision\3DLocalizationCA1R1f5\CA1R1f5Output\m2_suite2p_after_dedupe\Plane14\suite2p\plane0
14,4,17,1.5301393627979343,F:\SMMAS-Revision\3DLocalizationCA1R1f5\CA1R1f5Output\m2_suite2p_after_dedupe\Plane14\suite2p\plane0
14,5,18,1.608356910860032,F:\SMMAS-Revision\3DLocalizationCA1R1f5\CA1R1f5Output\m2_suite2p_after_dedupe\Plane14\suite2p\plane0
14,6,19,1.4217161287035949,F:\SMMAS-Revision\3DLocalizationCA1R1f5\CA1R1f5Output\m2_suite2p_after_dedupe\Plane14\suite2p\plane0
14,7,48,1.4296582703095335,F:\SMMAS-Revision\3DLocalizationCA1R1f5\CA1R1f5Output\m2_suite2p_after_dedupe\Plane14\suite2p\plane0
14,8,53,1.3385565776464963,F:\SMMAS-Revision\3DLocalizationCA1R1f5\CA1R1f5Output\m2_suite2p_after_dedupe\Plane14\suite2p\plane0
19,0,3,1.8939370492783592,F:\SMMAS-Revision\3DLocalizationCA1R1f5\CA1R1f5Output\m2_suite2p_after_dedupe\Plane19\suite2p\plane0
19,1,10,2.0110400617406756,F:\SMMAS-Revision\3DLocalizationCA1R1f5\CA1R1f5Output\m2_suite2p_after_dedupe\Plane19\suite2p\plane0
19,2,11,2.353344180996063,F:\SMMAS-Revision\3DLocalizationCA1R1f5\CA1R1f5Output\m2_suite2p_after_dedupe\Plane19\suite2p\plane0
19,3,13,2.431503519213433,F:\SMMAS-Revision\3DLocalizationCA1R1f5\CA1R1f5Output\m2_suite2p_after_dedupe\Plane19\suite2p\plane0
19,4,14,1.7809117671582577,F:\SMMAS-Revision\3DLocalizationCA1R1f5\CA1R1f5Output\m2_suite2p_after_dedupe\Plane19\suite2p\plane0
19,5,17,1.8947632065971918,F:\SMMAS-Revision\3DLocalizationCA1R1f5\CA1R1f5Output\m2_suite2p_after_dedupe\Plane19\suite2p\plane0
19,6,18,1.5503570907193653,F:\SMMAS-Revision\3DLocalizationCA1R1f5\CA1R1f5Output\m2_suite2p_after_dedupe\Plane19\suite2p\plane0
19,7,23,1.6486255754129227,F:\SMMAS-Revision\3DLocalizationCA1R1f5\CA1R1f5Output\m2_suite2p_after_dedupe\Plane19\suite2p\plane0
19,8,24,2.8253708840226497,F:\SMMAS-Revision\3DLocalizationCA1R1f5\CA1R1f5Output\m2_suite2p_after_dedupe\Plane19\suite2p\plane0
19,9,25,1.2930841889259213,F:\SMMAS-Revision\3DLocalizationCA1R1f5\CA1R1f5Output\m2_suite2p_after_dedupe\Plane19\suite2p\plane0
19,10,28,1.6687298721069919,F:\SMMAS-Revision\3DLocalizationCA1R1f5\CA1R1f5Output\m2_suite2p_after_dedupe\Plane19\suite2p\plane0
19,11,30,1.4384408279880563,F:\SMMAS-Revision\3DLocalizationCA1R1f5\CA1R1f5Output\m2_suite2p_after_dedupe\Plane19\suite2p\plane0
19,12,32,1.4714143996750861,F:\SMMAS-Revision\3DLocalizationCA1R1f5\CA1R1f5Output\m2_suite2p_after_dedupe\Plane19\suite2p\plane0
19,13,33,1.457263845314054,F:\SMMAS-Revision\3DLocalizationCA1R1f5\CA1R1f5Output\m2_suite2p_after_dedupe\Plane19\suite2p\plane0
19,14,34,1.4633761416508422,F:\SMMAS-Revision\3DLocalizationCA1R1f5\CA1R1f5Output\m2_suite2p_after_dedupe\Plane19\suite2p\plane0
19,15,35,1.536293105789489,F:\SMMAS-Revision\3DLocalizationCA1R1f5\CA1R1f5Output\m2_suite2p_after_dedupe\Plane19\suite2p\plane0
19,16,38,1.5374577889226406,F:\SMMAS-Revision\3DLocalizationCA1R1f5\CA1R1f5Output\m2_suite2p_after_dedupe\Plane19\suite2p\plane0
19,17,43,1.6457227704137622,F:\SMMAS-Revision\3DLocalizationCA1R1f5\CA1R1f5Output\m2_suite2p_after_dedupe\Plane19\suite2p\plane0
19,18,45,1.851486992471773,F:\SMMAS-Revision\3DLocalizationCA1R1f5\CA1R1f5Output\m2_suite2p_after_dedupe\Plane19\suite2p\plane0
19,19,46,1.3857093045783009,F:\SMMAS-Revision\3DLocalizationCA1R1f5\CA1R1f5Output\m2_suite2p_after_dedupe\Plane19\suite2p\plane0
19,20,48,1.5209885311834137,F:\SMMAS-Revision\3DLocalizationCA1R1f5\CA1R1f5Output\m2_suite2p_after_dedupe\Plane19\suite2p\plane0
19,21,51,1.3811707853731792,F:\SMMAS-Revision\3DLocalizationCA1R1f5\CA1R1f5Output\m2_suite2p_after_dedupe\Plane19\suite2p\plane0
19,22,53,1.462767199479966,F:\SMMAS-Revision\3DLocalizationCA1R1f5\CA1R1f5Output\m2_suite2p_after_dedupe\Plane19\suite2p\plane0
19,23,56,1.408982614296836,F:\SMMAS-Revision\3DLocalizationCA1R1f5\CA1R1f5Output\m2_suite2p_after_dedupe\Plane19\suite2p\plane0
19,24,61,1.6299180236654103,F:\SMMAS-Revision\3DLocalizationCA1R1f5\CA1R1f5Output\m2_suite2p_after_dedupe\Plane19\suite2p\plane0
19,25,64,1.7982416590557546,F:\SMMAS-Revision\3DLocalizationCA1R1f5\CA1R1f5Output\m2_suite2p_after_dedupe\Plane19\suite2p\plane0
19,26,65,1.4722349616493726,F:\SMMAS-Revision\3DLocalizationCA1R1f5\CA1R1f5Output\m2_suite2p_after_dedupe\Plane19\suite2p\plane0
19,27,69,1.4697118457165892,F:\SMMAS-Revision\3DLocalizationCA1R1f5\CA1R1f5Output\m2_suite2p_after_dedupe\Plane19\suite2p\plane0
19,28,70,1.4430493787448195,F:\SMMAS-Revision\3DLocalizationCA1R1f5\CA1R1f5Output\m2_suite2p_after_dedupe\Plane19\suite2p\plane0
19,29,72,1.4379045305345275,F:\SMMAS-Revision\3DLocalizationCA1R1f5\CA1R1f5Output\m2_suite2p_after_dedupe\Plane19\suite2p\plane0
19,30,73,1.4895587250681657,F:\SMMAS-Revision\3DLocalizationCA1R1f5\CA1R1f5Output\m2_suite2p_after_dedupe\Plane19\suite2p\plane0
19,31,75,1.5181263971530914,F:\SMMAS-Revision\3DLocalizationCA1R1f5\CA1R1f5Output\m2_suite2p_after_dedupe\Plane19\suite2p\plane0
19,32,76,1.4846266523644929,F:\SMMAS-Revision\3DLocalizationCA1R1f5\CA1R1f5Output\m2_suite2p_after_dedupe\Plane19\suite2p\plane0
19,33,77,1.4513129252991215,F:\SMMAS-Revision\3DLocalizationCA1R1f5\CA1R1f5Output\m2_suite2p_after_dedupe\Plane19\suite2p\plane0
19,34,87,1.8862319720852059,F:\SMMAS-Revision\3DLocalizationCA1R1f5\CA1R1f5Output\m2_suite2p_after_dedupe\Plane19\suite2p\plane0
19,35,97,1.4030680456199096,F:\SMMAS-Revision\3DLocalizationCA1R1f5\CA1R1f5Output\m2_suite2p_after_dedupe\Plane19\suite2p\plane0
19,36,123,1.773703762771684,F:\SMMAS-Revision\3DLocalizationCA1R1f5\CA1R1f5Output\m2_suite2p_after_dedupe\Plane19\suite2p\plane0
24,0,0,2.4060484027446862,F:\SMMAS-Revision\3DLocalizationCA1R1f5\CA1R1f5Output\m2_suite2p_after_dedupe\Plane24\suite2p\plane0
24,1,1,1.816494765835787,F:\SMMAS-Revision\3DLocalizationCA1R1f5\CA1R1f5Output\m2_suite2p_after_dedupe\Plane24\suite2p\plane0
24,2,3,1.839200025074882,F:\SMMAS-Revision\3DLocalizationCA1R1f5\CA1R1f5Output\m2_suite2p_after_dedupe\Plane24\suite2p\plane0
24,3,4,4.198120908727838,F:\SMMAS-Revision\3DLocalizationCA1R1f5\CA1R1f5Output\m2_suite2p_after_dedupe\Plane24\suite2p\plane0
24,4,5,2.0155654089164377,F:\SMMAS-Revision\3DLocalizationCA1R1f5\CA1R1f5Output\m2_suite2p_after_dedupe\Plane24\suite2p\plane0
24,5,6,1.401886352352689,F:\SMMAS-Revision\3DLocalizationCA1R1f5\CA1R1f5Output\m2_suite2p_after_dedupe\Plane24\suite2p\plane0
24,6,7,1.4725455176547195,F:\SMMAS-Revision\3DLocalizationCA1R1f5\CA1R1f5Output\m2_suite2p_after_dedupe\Plane24\suite2p\plane0
24,7,9,2.7816162801753768,F:\SMMAS-Revision\3DLocalizationCA1R1f5\CA1R1f5Output\m2_suite2p_after_dedupe\Plane24\suite2p\plane0
24,8,10,2.102099941943364,F:\SMMAS-Revision\3DLocalizationCA1R1f5\CA1R1f5Output\m2_suite2p_after_dedupe\Plane24\suite2p\plane0
24,9,11,2.239255976006519,F:\SMMAS-Revision\3DLocalizationCA1R1f5\CA1R1f5Output\m2_suite2p_after_dedupe\Plane24\suite2p\plane0
24,10,15,1.6622741186298622,F:\SMMAS-Revision\3DLocalizationCA1R1f5\CA1R1f5Output\m2_suite2p_after_dedupe\Plane24\suite2p\plane0
24,11,16,2.04838215718718,F:\SMMAS-Revision\3DLocalizationCA1R1f5\CA1R1f5Output\m2_suite2p_after_dedupe\Plane24\suite2p\plane0
24,12,19,1.8794917573138166,F:\SMMAS-Revision\3DLocalizationCA1R1f5\CA1R1f5Output\m2_suite2p_after_dedupe\Plane24\suite2p\plane0
24,13,20,2.5680715095318427,F:\SMMAS-Revision\3DLocalizationCA1R1f5\CA1R1f5Output\m2_suite2p_after_dedupe\Plane24\suite2p\plane0
24,14,21,1.3853796149381667,F:\SMMAS-Revision\3DLocalizationCA1R1f5\CA1R1f5Output\m2_suite2p_after_dedupe\Plane24\suite2p\plane0
24,15,23,1.5894021097557989,F:\SMMAS-Revision\3DLocalizationCA1R1f5\CA1R1f5Output\m2_suite2p_after_dedupe\Plane24\suite2p\plane0
24,16,25,3.0706123719723477,F:\SMMAS-Revision\3DLocalizationCA1R1f5\CA1R1f5Output\m2_suite2p_after_dedupe\Plane24\suite2p\plane0
24,17,26,1.7826451374519587,F:\SMMAS-Revision\3DLocalizationCA1R1f5\CA1R1f5Output\m2_suite2p_after_dedupe\Plane24\suite2p\plane0
24,18,28,1.4379290793752526,F:\SMMAS-Revision\3DLocalizationCA1R1f5\CA1R1f5Output\m2_suite2p_after_dedupe\Plane24\suite2p\plane0
24,19,29,3.4611971822773553,F:\SMMAS-Revision\3DLocalizationCA1R1f5\CA1R1f5Output\m2_suite2p_after_dedupe\Plane24\suite2p\plane0
24,20,31,2.3228406386490454,F:\SMMAS-Revision\3DLocalizationCA1R1f5\CA1R1f5Output\m2_suite2p_after_dedupe\Plane24\suite2p\plane0
24,21,32,1.8055442756206308,F:\SMMAS-Revision\3DLocalizationCA1R1f5\CA1R1f5Output\m2_suite2p_after_dedupe\Plane24\suite2p\plane0
24,22,33,1.8660757583049277,F:\SMMAS-Revision\3DLocalizationCA1R1f5\CA1R1f5Output\m2_suite2p_after_dedupe\Plane24\suite2p\plane0
24,23,35,1.6331358841121404,F:\SMMAS-Revision\3DLocalizationCA1R1f5\CA1R1f5Output\m2_suite2p_after_dedupe\Plane24\suite2p\plane0
24,24,36,1.9219591965563259,F:\SMMAS-Revision\3DLocalizationCA1R1f5\CA1R1f5Output\m2_suite2p_after_dedupe\Plane24\suite2p\plane0
24,25,37,1.4961827106575387,F:\SMMAS-Revision\3DLocalizationCA1R1f5\CA1R1f5Output\m2_suite2p_after_dedupe\Plane24\suite2p\plane0
24,26,38,1.5318062579407785,F:\SMMAS-Revision\3DLocalizationCA1R1f5\CA1R1f5Output\m2_suite2p_after_dedupe\Plane24\suite2p\plane0
24,27,39,1.683082967950457,F:\SMMAS-Revision\3DLocalizationCA1R1f5\CA1R1f5Output\m2_suite2p_after_dedupe\Plane24\suite2p\plane0
24,28,40,2.3949612793160324,F:\SMMAS-Revision\3DLocalizationCA1R1f5\CA1R1f5Output\m2_suite2p_after_dedupe\Plane24\suite2p\plane0
24,29,41,1.2902601278442558,F:\SMMAS-Revision\3DLocalizationCA1R1f5\CA1R1f5Output\m2_suite2p_after_dedupe\Plane24\suite2p\plane0
24,30,44,2.191527888126768,F:\SMMAS-Revision\3DLocalizationCA1R1f5\CA1R1f5Output\m2_suite2p_after_dedupe\Plane24\suite2p\plane0
24,31,45,5.126035107347186,F:\SMMAS-Revision\3DLocalizationCA1R1f5\CA1R1f5Output\m2_suite2p_after_dedupe\Plane24\suite2p\plane0
24,32,47,1.4796306794106069,F:\SMMAS-Revision\3DLocalizationCA1R1f5\CA1R1f5Output\m2_suite2p_after_dedupe\Plane24\suite2p\plane0
24,33,49,1.5299950964827567,F:\SMMAS-Revision\3DLocalizationCA1R1f5\CA1R1f5Output\m2_suite2p_after_dedupe\Plane24\suite2p\plane0
24,34,52,1.7507354901336394,F:\SMMAS-Revision\3DLocalizationCA1R1f5\CA1R1f5Output\m2_suite2p_after_dedupe\Plane24\suite2p\plane0
24,35,54,1.694724245991157,F:\SMMAS-Revision\3DLocalizationCA1R1f5\CA1R1f5Output\m2_suite2p_after_dedupe\Plane24\suite2p\plane0
24,36,57,1.615983499330233,F:\SMMAS-Revision\3DLocalizationCA1R1f5\CA1R1f5Output\m2_suite2p_after_dedupe\Plane24\suite2p\plane0
24,37,58,1.5200052512250626,F:\SMMAS-Revision\3DLocalizationCA1R1f5\CA1R1f5Output\m2_suite2p_after_dedupe\Plane24\suite2p\plane0
24,38,59,1.9014449521706456,F:\SMMAS-Revision\3DLocalizationCA1R1f5\CA1R1f5Output\m2_suite2p_after_dedupe\Plane24\suite2p\plane0
24,39,60,2.2581577121776055,F:\SMMAS-Revision\3DLocalizationCA1R1f5\CA1R1f5Output\m2_suite2p_after_dedupe\Plane24\suite2p\plane0
24,40,61,1.6414064623220743,F:\SMMAS-Revision\3DLocalizationCA1R1f5\CA1R1f5Output\m2_suite2p_after_dedupe\Plane24\suite2p\plane0
24,41,62,1.501233957619478,F:\SMMAS-Revision\3DLocalizationCA1R1f5\CA1R1f5Output\m2_suite2p_after_dedupe\Plane24\suite2p\plane0
24,42,63,1.5604235014912275,F:\SMMAS-Revision\3DLocalizationCA1R1f5\CA1R1f5Output\m2_suite2p_after_dedupe\Plane24\suite2p\plane0
24,43,64,1.99874532361179,F:\SMMAS-Revision\3DLocalizationCA1R1f5\CA1R1f5Output\m2_suite2p_after_dedupe\Plane24\suite2p\plane0
24,44,66,1.4780954142051577,F:\SMMAS-Revision\3DLocalizationCA1R1f5\CA1R1f5Output\m2_suite2p_after_dedupe\Plane24\suite2p\plane0
24,45,68,2.64979674321289,F:\SMMAS-Revision\3DLocalizationCA1R1f5\CA1R1f5Output\m2_suite2p_after_dedupe\Plane24\suite2p\plane0
24,46,70,2.9517390788448736,F:\SMMAS-Revision\3DLocalizationCA1R1f5\CA1R1f5Output\m2_suite2p_after_dedupe\Plane24\suite2p\plane0
24,47,71,1.3100242688334178,F:\SMMAS-Revision\3DLocalizationCA1R1f5\CA1R1f5Output\m2_suite2p_after_dedupe\Plane24\suite2p\plane0
24,48,73,1.3974332281525024,F:\SMMAS-Revision\3DLocalizationCA1R1f5\CA1R1f5Output\m2_suite2p_after_dedupe\Plane24\suite2p\plane0
24,49,77,1.8466026585191462,F:\SMMAS-Revision\3DLocalizationCA1R1f5\CA1R1f5Output\m2_suite2p_after_dedupe\Plane24\suite2p\plane0
24,50,81,1.7560584688262484,F:\SMMAS-Revision\3DLocalizationCA1R1f5\CA1R1f5Output\m2_suite2p_after_dedupe\Plane24\suite2p\plane0
24,51,86,1.8264622366973666,F:\SMMAS-Revision\3DLocalizationCA1R1f5\CA1R1f5Output\m2_suite2p_after_dedupe\Plane24\suite2p\plane0
24,52,87,2.0647392852770166,F:\SMMAS-Revision\3DLocalizationCA1R1f5\CA1R1f5Output\m2_suite2p_after_dedupe\Plane24\suite2p\plane0
24,53,88,1.7008628177813727,F:\SMMAS-Revision\3DLocalizationCA1R1f5\CA1R1f5Output\m2_suite2p_after_dedupe\Plane24\suite2p\plane0
24,54,90,1.7147450069214474,F:\SMMAS-Revision\3DLocalizationCA1R1f5\CA1R1f5Output\m2_suite2p_after_dedupe\Plane24\suite2p\plane0
24,55,92,3.0036993798241114,F:\SMMAS-Revision\3DLocalizationCA1R1f5\CA1R1f5Output\m2_suite2p_after_dedupe\Plane24\suite2p\plane0
24,56,93,1.8489682149874196,F:\SMMAS-Revision\3DLocalizationCA1R1f5\CA1R1f5Output\m2_suite2p_after_dedupe\Plane24\suite2p\plane0
24,57,94,1.6446034520190833,F:\SMMAS-Revision\3DLocalizationCA1R1f5\CA1R1f5Output\m2_suite2p_after_dedupe\Plane24\suite2p\plane0
24,58,99,1.5270589274435944,F:\SMMAS-Revision\3DLocalizationCA1R1f5\CA1R1f5Output\m2_suite2p_after_dedupe\Plane24\suite2p\plane0
24,59,102,1.3935842070221114,F:\SMMAS-Revision\3DLocalizationCA1R1f5\CA1R1f5Output\m2_suite2p_after_dedupe\Plane24\suite2p\plane0
24,60,103,4.77791464347244,F:\SMMAS-Revision\3DLocalizationCA1R1f5\CA1R1f5Output\m2_suite2p_after_dedupe\Plane24\suite2p\plane0
24,61,111,1.508171447680593,F:\SMMAS-Revision\3DLocalizationCA1R1f5\CA1R1f5Output\m2_suite2p_after_dedupe\Plane24\suite2p\plane0
24,62,113,2.2838012491087927,F:\SMMAS-Revision\3DLocalizationCA1R1f5\CA1R1f5Output\m2_suite2p_after_dedupe\Plane24\suite2p\plane0
24,63,114,1.3947463685788866,F:\SMMAS-Revision\3DLocalizationCA1R1f5\CA1R1f5Output\m2_suite2p_after_dedupe\Plane24\suite2p\plane0
24,64,115,1.3912403259131392,F:\SMMAS-Revision\3DLocalizationCA1R1f5\CA1R1f5Output\m2_suite2p_after_dedupe\Plane24\suite2p\plane0
24,65,116,1.3528835212088686,F:\SMMAS-Revision\3DLocalizationCA1R1f5\CA1R1f5Output\m2_suite2p_after_dedupe\Plane24\suite2p\plane0
24,66,117,2.3682101297782894,F:\SMMAS-Revision\3DLocalizationCA1R1f5\CA1R1f5Output\m2_suite2p_after_dedupe\Plane24\suite2p\plane0
24,67,118,1.383767263481215,F:\SMMAS-Revision\3DLocalizationCA1R1f5\CA1R1f5Output\m2_suite2p_after_dedupe\Plane24\suite2p\plane0
24,68,128,1.4336351879417288,F:\SMMAS-Revision\3DLocalizationCA1R1f5\CA1R1f5Output\m2_suite2p_after_dedupe\Plane24\suite2p\plane0
24,69,129,1.6354622462935091,F:\SMMAS-Revision\3DLocalizationCA1R1f5\CA1R1f5Output\m2_suite2p_after_dedupe\Plane24\suite2p\plane0
24,70,130,3.2360471005624367,F:\SMMAS-Revision\3DLocalizationCA1R1f5\CA1R1f5Output\m2_suite2p_after_dedupe\Plane24\suite2p\plane0
24,71,132,1.8738636350964688,F:\SMMAS-Revision\3DLocalizationCA1R1f5\CA1R1f5Output\m2_suite2p_after_dedupe\Plane24\suite2p\plane0
24,72,139,1.5905359669726733,F:\SMMAS-Revision\3DLocalizationCA1R1f5\CA1R1f5Output\m2_suite2p_after_dedupe\Plane24\suite2p\plane0
24,73,140,1.582278960398672,F:\SMMAS-Revision\3DLocalizationCA1R1f5\CA1R1f5Output\m2_suite2p_after_dedupe\Plane24\suite2p\plane0
24,74,141,1.8106800433575552,F:\SMMAS-Revision\3DLocalizationCA1R1f5\CA1R1f5Output\m2_suite2p_after_dedupe\Plane24\suite2p\plane0
24,75,142,1.4870739289650083,F:\SMMAS-Revision\3DLocalizationCA1R1f5\CA1R1f5Output\m2_suite2p_after_dedupe\Plane24\suite2p\plane0
24,76,147,1.4958415213437932,F:\SMMAS-Revision\3DLocalizationCA1R1f5\CA1R1f5Output\m2_suite2p_after_dedupe\Plane24\suite2p\plane0
24,77,152,1.4920969056554654,F:\SMMAS-Revision\3DLocalizationCA1R1f5\CA1R1f5Output\m2_suite2p_after_dedupe\Plane24\suite2p\plane0
24,78,153,1.9221239665893162,F:\SMMAS-Revision\3DLocalizationCA1R1f5\CA1R1f5Output\m2_suite2p_after_dedupe\Plane24\suite2p\plane0
24,79,155,1.4136006337930997,F:\SMMAS-Revision\3DLocalizationCA1R1f5\CA1R1f5Output\m2_suite2p_after_dedupe\Plane24\suite2p\plane0
24,80,157,1.6078721418858557,F:\SMMAS-Revision\3DLocalizationCA1R1f5\CA1R1f5Output\m2_suite2p_after_dedupe\Plane24\suite2p\plane0
24,81,160,1.400352180573033,F:\SMMAS-Revision\3DLocalizationCA1R1f5\CA1R1f5Output\m2_suite2p_after_dedupe\Plane24\suite2p\plane0
24,82,163,1.563359880427837,F:\SMMAS-Revision\3DLocalizationCA1R1f5\CA1R1f5Output\m2_suite2p_after_dedupe\Plane24\suite2p\plane0
24,83,168,1.4374172561494183,F:\SMMAS-Revision\3DLocalizationCA1R1f5\CA1R1f5Output\m2_suite2p_after_dedupe\Plane24\suite2p\plane0
24,84,170,1.290038240597406,F:\SMMAS-Revision\3DLocalizationCA1R1f5\CA1R1f5Output\m2_suite2p_after_dedupe\Plane24\suite2p\plane0
24,85,171,1.494552924797969,F:\SMMAS-Revision\3DLocalizationCA1R1f5\CA1R1f5Output\m2_suite2p_after_dedupe\Plane24\suite2p\plane0
24,86,172,1.4144200961021975,F:\SMMAS-Revision\3DLocalizationCA1R1f5\CA1R1f5Output\m2_suite2p_after_dedupe\Plane24\suite2p\plane0
24,87,175,1.377363182917532,F:\SMMAS-Revision\3DLocalizationCA1R1f5\CA1R1f5Output\m2_suite2p_after_dedupe\Plane24\suite2p\plane0
24,88,177,1.3520939878164533,F:\SMMAS-Revision\3DLocalizationCA1R1f5\CA1R1f5Output\m2_suite2p_after_dedupe\Plane24\suite2p\plane0
24,89,180,1.4164541301245124,F:\SMMAS-Revision\3DLocalizationCA1R1f5\CA1R1f5Output\m2_suite2p_after_dedupe\Plane24\suite2p\plane0
24,90,185,2.3654987210436262,F:\SMMAS-Revision\3DLocalizationCA1R1f5\CA1R1f5Output\m2_suite2p_after_dedupe\Plane24\suite2p\plane0
24,91,187,2.2171145527672396,F:\SMMAS-Revision\3DLocalizationCA1R1f5\CA1R1f5Output\m2_suite2p_after_dedupe\Plane24\suite2p\plane0
24,92,189,1.4006769368319716,F:\SMMAS-Revision\3DLocalizationCA1R1f5\CA1R1f5Output\m2_suite2p_after_dedupe\Plane24\suite2p\plane0
24,93,190,2.1971147071355532,F:\SMMAS-Revision\3DLocalizationCA1R1f5\CA1R1f5Output\m2_suite2p_after_dedupe\Plane24\suite2p\plane0
24,94,215,2.172005562067096,F:\SMMAS-Revision\3DLocalizationCA1R1f5\CA1R1f5Output\m2_suite2p_after_dedupe\Plane24\suite2p\plane0
24,95,227,1.4718953991365984,F:\SMMAS-Revision\3DLocalizationCA1R1f5\CA1R1f5Output\m2_suite2p_after_dedupe\Plane24\suite2p\plane0
24,96,232,1.858446417374186,F:\SMMAS-Revision\3DLocalizationCA1R1f5\CA1R1f5Output\m2_suite2p_after_dedupe\Plane24\suite2p\plane0
24,97,238,1.3481275158805297,F:\SMMAS-Revision\3DLocalizationCA1R1f5\CA1R1f5Output\m2_suite2p_after_dedupe\Plane24\suite2p\plane0
24,98,239,1.5839001434398352,F:\SMMAS-Revision\3DLocalizationCA1R1f5\CA1R1f5Output\m2_suite2p_after_dedupe\Plane24\suite2p\plane0
24,99,242,2.048116721067476,F:\SMMAS-Revision\3DLocalizationCA1R1f5\CA1R1f5Output\m2_suite2p_after_dedupe\Plane24\suite2p\plane0
24,100,254,1.4166452583219442,F:\SMMAS-Revision\3DLocalizationCA1R1f5\CA1R1f5Output\m2_suite2p_after_dedupe\Plane24\suite2p\plane0
29,0,2,1.892015677259578,F:\SMMAS-Revision\3DLocalizationCA1R1f5\CA1R1f5Output\m2_suite2p_after_dedupe\Plane29\suite2p\plane0
29,1,5,2.091256829972432,F:\SMMAS-Revision\3DLocalizationCA1R1f5\CA1R1f5Output\m2_suite2p_after_dedupe\Plane29\suite2p\plane0
29,2,7,1.4196244446784256,F:\SMMAS-Revision\3DLocalizationCA1R1f5\CA1R1f5Output\m2_suite2p_after_dedupe\Plane29\suite2p\plane0
29,3,9,1.3993499289195008,F:\SMMAS-Revision\3DLocalizationCA1R1f5\CA1R1f5Output\m2_suite2p_after_dedupe\Plane29\suite2p\plane0
29,4,22,1.7567921748992155,F:\SMMAS-Revision\3DLocalizationCA1R1f5\CA1R1f5Output\m2_suite2p_after_dedupe\Plane29\suite2p\plane0
29,5,27,1.4156322657933866,F:\SMMAS-Revision\3DLocalizationCA1R1f5\CA1R1f5Output\m2_suite2p_after_dedupe\Plane29\suite2p\plane0
29,6,28,1.5459585504279048,F:\SMMAS-Revision\3DLocalizationCA1R1f5\CA1R1f5Output\m2_suite2p_after_dedupe\Plane29\suite2p\plane0
29,7,29,1.5793150595372105,F:\SMMAS-Revision\3DLocalizationCA1R1f5\CA1R1f5Output\m2_suite2p_after_dedupe\Plane29\suite2p\plane0
29,8,30,1.557793098881636,F:\SMMAS-Revision\3DLocalizationCA1R1f5\CA1R1f5Output\m2_suite2p_after_dedupe\Plane29\suite2p\plane0
29,9,31,1.605037495689477,F:\SMMAS-Revision\3DLocalizationCA1R1f5\CA1R1f5Output\m2_suite2p_after_dedupe\Plane29\suite2p\plane0
29,10,33,1.5656690721272013,F:\SMMAS-Revision\3DLocalizationCA1R1f5\CA1R1f5Output\m2_suite2p_after_dedupe\Plane29\suite2p\plane0
29,11,36,1.6198730956005416,F:\SMMAS-Revision\3DLocalizationCA1R1f5\CA1R1f5Output\m2_suite2p_after_dedupe\Plane29\suite2p\plane0
29,12,37,2.212888997638357,F:\SMMAS-Revision\3DLocalizationCA1R1f5\CA1R1f5Output\m2_suite2p_after_dedupe\Plane29\suite2p\plane0
29,13,38,1.4734143096176877,F:\SMMAS-Revision\3DLocalizationCA1R1f5\CA1R1f5Output\m2_suite2p_after_dedupe\Plane29\suite2p\plane0
29,14,40,2.6546963329975464,F:\SMMAS-Revision\3DLocalizationCA1R1f5\CA1R1f5Output\m2_suite2p_after_dedupe\Plane29\suite2p\plane0
29,15,41,2.601853667605331,F:\SMMAS-Revision\3DLocalizationCA1R1f5\CA1R1f5Output\m2_suite2p_after_dedupe\Plane29\suite2p\plane0
29,16,44,1.7664080059911225,F:\SMMAS-Revision\3DLocalizationCA1R1f5\CA1R1f5Output\m2_suite2p_after_dedupe\Plane29\suite2p\plane0
29,17,45,1.427032144075353,F:\SMMAS-Revision\3DLocalizationCA1R1f5\CA1R1f5Output\m2_suite2p_after_dedupe\Plane29\suite2p\plane0
29,18,47,1.4059309315629693,F:\SMMAS-Revision\3DLocalizationCA1R1f5\CA1R1f5Output\m2_suite2p_after_dedupe\Plane29\suite2p\plane0
29,19,48,1.4077408648021126,F:\SMMAS-Revision\3DLocalizationCA1R1f5\CA1R1f5Output\m2_suite2p_after_dedupe\Plane29\suite2p\plane0
29,20,52,1.345492996044888,F:\SMMAS-Revision\3DLocalizationCA1R1f5\CA1R1f5Output\m2_suite2p_after_dedupe\Plane29\suite2p\plane0
29,21,54,1.3513068060988622,F:\SMMAS-Revision\3DLocalizationCA1R1f5\CA1R1f5Output\m2_suite2p_after_dedupe\Plane29\suite2p\plane0
29,22,56,2.087088331748145,F:\SMMAS-Revision\3DLocalizationCA1R1f5\CA1R1f5Output\m2_suite2p_after_dedupe\Plane29\suite2p\plane0
29,23,61,1.3388947804219666,F:\SMMAS-Revision\3DLocalizationCA1R1f5\CA1R1f5Output\m2_suite2p_after_dedupe\Plane29\suite2p\plane0
29,24,63,1.5809088911010414,F:\SMMAS-Revision\3DLocalizationCA1R1f5\CA1R1f5Output\m2_suite2p_after_dedupe\Plane29\suite2p\plane0
29,25,66,1.4541144539580209,F:\SMMAS-Revision\3DLocalizationCA1R1f5\CA1R1f5Output\m2_suite2p_after_dedupe\Plane29\suite2p\plane0
29,26,67,1.416365445686742,F:\SMMAS-Revision\3DLocalizationCA1R1f5\CA1R1f5Output\m2_suite2p_after_dedupe\Plane29\suite2p\plane0
29,27,70,1.3464259223648736,F:\SMMAS-Revision\3DLocalizationCA1R1f5\CA1R1f5Output\m2_suite2p_after_dedupe\Plane29\suite2p\plane0
29,28,71,1.35889040630636,F:\SMMAS-Revision\3DLocalizationCA1R1f5\CA1R1f5Output\m2_suite2p_after_dedupe\Plane29\suite2p\plane0
29,29,76,1.4244112257392154,F:\SMMAS-Revision\3DLocalizationCA1R1f5\CA1R1f5Output\m2_suite2p_after_dedupe\Plane29\suite2p\plane0
29,30,77,1.3847491455345209,F:\SMMAS-Revision\3DLocalizationCA1R1f5\CA1R1f5Output\m2_suite2p_after_dedupe\Plane29\suite2p\plane0
29,31,80,1.6305156115991049,F:\SMMAS-Revision\3DLocalizationCA1R1f5\CA1R1f5Output\m2_suite2p_after_dedupe\Plane29\suite2p\plane0
29,32,90,1.4770867308118791,F:\SMMAS-Revision\3DLocalizationCA1R1f5\CA1R1f5Output\m2_suite2p_after_dedupe\Plane29\suite2p\plane0
29,33,92,2.641128332540905,F:\SMMAS-Revision\3DLocalizationCA1R1f5\CA1R1f5Output\m2_suite2p_after_dedupe\Plane29\suite2p\plane0
29,34,95,1.5577161181855521,F:\SMMAS-Revision\3DLocalizationCA1R1f5\CA1R1f5Output\m2_suite2p_after_dedupe\Plane29\suite2p\plane0
29,35,109,1.341168674776929,F:\SMMAS-Revision\3DLocalizationCA1R1f5\CA1R1f5Output\m2_suite2p_after_dedupe\Plane29\suite2p\plane0
29,36,110,1.3436754216488458,F:\SMMAS-Revision\3DLocalizationCA1R1f5\CA1R1f5Output\m2_suite2p_after_dedupe\Plane29\suite2p\plane0
29,37,114,1.385789917630916,F:\SMMAS-Revision\3DLocalizationCA1R1f5\CA1R1f5Output\m2_suite2p_after_dedupe\Plane29\suite2p\plane0
29,38,133,1.4216141130606401,F:\SMMAS-Revision\3DLocalizationCA1R1f5\CA1R1f5Output\m2_suite2p_after_dedupe\Plane29\suite2p\plane0
29,39,149,1.3711895791213131,F:\SMMAS-Revision\3DLocalizationCA1R1f5\CA1R1f5Output\m2_suite2p_after_dedupe\Plane29\suite2p\plane0
29,40,152,1.3322433050464708,F:\SMMAS-Revision\3DLocalizationCA1R1f5\CA1R1f5Output\m2_suite2p_after_dedupe\Plane29\suite2p\plane0
29,41,154,1.7152884861359359,F:\SMMAS-Revision\3DLocalizationCA1R1f5\CA1R1f5Output\m2_suite2p_after_dedupe\Plane29\suite2p\plane0
29,42,172,1.3993911052433252,F:\SMMAS-Revision\3DLocalizationCA1R1f5\CA1R1f5Output\m2_suite2p_after_dedupe\Plane29\suite2p\plane0
29,43,199,1.4842582842242757,F:\SMMAS-Revision\3DLocalizationCA1R1f5\CA1R1f5Output\m2_suite2p_after_dedupe\Plane29\suite2p\plane0
