m2_plane,m2_roi,source,col,row,z_um,corr_or_best_r,primary_view,m1_idx,d_xy_px,d_z_um,n_pass,accepted,snr
14,8,matched_trusted,75.96296133903422,82.9183803928557,-6.0,0.6455085415208908,1,8,0.726042508086056,9.0,,1,2.529247467821373
14,13,matched_trusted,77.84419716376149,29.81686447950684,-8.0,0.41662382733888037,3,147,1.9129621101880496,7.0,,1,1.3513755079275032
14,14,matched_trusted,163.67977590023693,7.3173179817752425,-3.3333333333333335,0.48115757195920084,2,90,2.8141949985468604,11.666666666666666,,1,1.4635245151220346
14,15,recovered_bin_refined,140.28932838068468,28.29480529621078,-14.0,0.7862643184585923,2,-1,,1.0,4,1,1.5482372931228796
14,17,recovered_bin_refined,53.91488635744764,86.39968229034412,-8.0,0.7255289931034302,2,-1,,7.0,4,1,1.5301393627979343
14,18,matched_trusted,41.44415439745221,86.07063825116593,-6.0,0.48464487885452917,3,149,1.966861897513975,9.0,,1,1.608356910860032
14,19,recovered_bin_refined,150.85586645058586,2.59324221607125,-6.0,0.7444833234519661,1,-1,,9.0,4,1,1.4217161287035949
14,48,recovered_bin_refined,114.79103457613132,62.586284675371566,-8.0,0.7255961387114049,4,-1,,7.0,4,1,1.4296582703095335
14,53,recovered_bin_refined,15.83034422482978,128.74918062797855,-10.0,0.641364587417378,1,-1,,5.0,4,1,1.3385565776464963
19,3,matched_trusted,115.18236155187078,35.40280607084757,-11.333333333333334,0.6195172081285991,2,98,2.126356574644921,6.333333333333334,,1,1.8939370492783592
19,10,recovered_bin_refined,195.55675814923484,132.9407311155014,12.0,0.7614839192361322,1,-1,,17.0,4,1,2.0110400617406756
19,11,recovered_bin_refined,143.49810414462556,13.012286378414277,0.0,0.9195016754173038,3,-1,,5.0,4,1,2.353344180996063
19,13,recovered_bin_refined,26.274671849142475,93.82503714170801,2.0,0.8774762454683207,3,-1,,7.0,4,1,2.431503519213433
19,14,matched_trusted,126.35465413551762,54.85901894121476,-4.0,0.6342382813339986,3,143,1.0155636603081637,1.0,,1,1.7809117671582577
19,17,recovered_bin_refined,109.95561260343912,7.260458645861718,-6.0,0.8935097653936693,4,-1,,1.0,4,1,1.8947632065971918
19,18,recovered_bin_refined,165.7945626599199,7.377814653619705,-2.0,0.7842754840023711,3,-1,,3.0,4,1,1.5503570907193653
19,23,recovered_bin_refined,108.34618635868293,194.22906145561896,-6.0,0.7870560396674223,2,-1,,1.0,4,1,1.6486255754129227
19,24,matched_trusted,22.835837992044922,172.63417457786448,4.5,0.6628896271196495,1,3,0.20728328173396648,9.5,,1,2.8253708840226497
19,25,recovered_bin_refined,170.75417658279054,49.82667698140395,0.0,0.5918762683634299,3,-1,,5.0,4,1,1.2930841889259213
19,28,recovered_bin_refined,30.099976394424743,71.325466617104,-4.0,0.7329707438155663,2,-1,,1.0,4,1,1.6687298721069919
19,30,recovered_bin_refined,75.62090725257075,27.50402283190156,-10.0,0.7583114017147201,1,-1,,5.0,4,1,1.4384408279880563
19,32,recovered_bin_refined,44.904858678576176,175.1346847299061,-2.0,0.733819428209788,3,-1,,3.0,4,1,1.4714143996750861
19,33,recovered_bin_refined,136.44996307517124,24.60280023598885,-6.0,0.7236328790347035,2,-1,,1.0,4,1,1.457263845314054
19,34,recovered_bin_refined,101.66836765078722,108.30441773765142,-6.0,0.6505651429257756,3,-1,,1.0,4,1,1.4633761416508422
19,35,recovered_bin_refined,172.05143589410466,59.451425264413565,-8.0,0.7447578576241054,2,-1,,3.0,4,1,1.536293105789489
19,38,matched_trusted,151.80451339330543,4.819181755339974,-3.0,0.5011049880131855,2,99,0.2437693477649264,2.0,,1,1.5374577889226406
19,43,recovered_bin_refined,18.655683513006114,36.10515802047146,-8.0,0.751685361463246,3,-1,,3.0,4,1,1.6457227704137622
19,45,recovered_bin_refined,32.85848517081788,9.384915778276852,-2.0,0.7950393138584685,1,-1,,3.0,4,1,1.851486992471773
19,46,recovered_bin_refined,157.50292338467128,39.712964030794474,2.0,0.6898644630887644,1,-1,,7.0,4,1,1.3857093045783009
19,48,recovered_bin_refined,79.33435011931148,222.91536222035168,4.0,0.8196754492839673,2,-1,,9.0,4,1,1.5209885311834137
19,51,recovered_bin_refined,111.57463429408593,92.51793690307453,-4.0,0.6459391374071597,4,-1,,1.0,4,1,1.3811707853731792
19,53,recovered_bin_refined,186.43385896726556,31.339989870268482,0.0,0.7751440563179948,2,-1,,5.0,4,1,1.462767199479966
19,56,recovered_bin_refined,10.973679960541766,49.31104786929896,-10.0,0.6430438598577283,3,-1,,5.0,4,1,1.408982614296836
19,61,recovered_bin_refined,167.8401435702332,148.3931663384105,-2.0,0.8388086445155747,1,-1,,3.0,4,1,1.6299180236654103
19,64,recovered_bin_refined,10.1325401624475,15.934236545784374,-4.0,0.8486197134468112,2,-1,,1.0,4,1,1.7982416590557546
19,65,recovered_bin_refined,38.24006383516404,29.31341888537711,-2.0,0.724291084546863,4,-1,,3.0,4,1,1.4722349616493726
19,69,recovered_bin_refined,193.01316802195228,11.534568149114882,-4.0,0.7708229274376942,2,-1,,1.0,4,1,1.4697118457165892
19,70,recovered_bin_refined,132.1079596982855,71.1378772169444,-6.0,0.7228322873794915,2,-1,,1.0,4,1,1.4430493787448195
19,72,recovered_bin_refined,125.04517970963953,99.03536071380138,-4.0,0.674530395310192,2,-1,,1.0,4,1,1.4379045305345275
19,73,matched_trusted,115.80653089828195,57.98582642575367,-10.0,0.4436856450764537,2,109,0.8631497703187768,5.0,,1,1.4895587250681657
19,75,recovered_bin_refined,108.13171368336512,100.50195763477562,-4.0,0.6345654095058874,2,-1,,1.0,4,1,1.5181263971530914
19,76,recovered_bin_refined,83.54512423011148,210.0912858393348,0.0,0.736415106731945,3,-1,,5.0,4,1,1.4846266523644929
19,77,recovered_bin_refined,124.01910604510745,159.82541732576868,-2.0,0.696227580389679,1,-1,,3.0,4,1,1.4513129252991215
19,87,recovered_bin_refined,60.69617454016611,90.02678011813641,0.0,0.6983845946125904,1,-1,,5.0,4,1,1.8862319720852059
19,97,recovered_bin_refined,125.63924621338536,17.85341209093844,0.0,0.6182237158897718,2,-1,,5.0,4,1,1.4030680456199096
19,123,recovered_bin_refined,20.020387202397043,121.57027793008116,-2.0,0.8270831389729684,1,-1,,3.0,4,1,1.773703762771684
24,0,recovered_bin_refined,38.49340787279345,147.51527074995468,4.0,0.871770797275984,2,-1,,1.0,4,1,2.4060484027446862
24,1,matched_trusted,146.87599230939327,46.454485674025655,-2.5,0.5932550887447103,1,31,0.5975752407708645,7.5,,1,1.816494765835787
24,3,matched_trusted,43.7642783887284,193.58123874153182,-1.0,0.6606436923396695,1,0,0.5447023844722787,6.0,,1,1.839200025074882
24,4,recovered_bin_refined,89.31648716619019,99.28530184918635,2.0,0.9064773462648723,2,-1,,3.0,4,1,4.198120908727838
24,5,recovered_bin_refined,236.295605617815,20.59204598722419,10.0,0.8941146708802264,4,-1,,5.0,4,1,2.0155654089164377
24,6,recovered_bin_refined,13.050898504166248,54.74684603286149,2.0,0.7877331759851911,3,-1,,3.0,4,1,1.401886352352689
24,7,matched_trusted,157.09269794318607,39.02562476436965,5.0,0.40413053141604527,1,75,0.6552789723139718,0.0,,1,1.4725455176547195
24,9,matched_trusted,29.455113899924758,131.54245448851293,4.0,0.6139531071609254,3,183,3.2613114696476533,1.0,,1,2.7816162801753768
24,10,matched_trusted,173.8549893414018,227.69417459017433,9.5,0.5931359542946603,1,19,0.575773208576617,4.5,,1,2.102099941943364
24,11,recovered_bin_refined,46.80016771290386,65.33517778158347,0.0,0.8538309077736956,1,-1,,5.0,4,1,2.239255976006519
24,15,recovered_bin_refined,114.83643351929668,33.639766517991596,2.0,0.8188884084799516,4,-1,,3.0,4,1,1.6622741186298622
24,16,matched_trusted,65.20708857226059,215.4047663602105,4.0,0.5919831183239277,1,7,3.118990027260654,1.0,,1,2.04838215718718
24,19,matched_trusted,105.51511925385861,196.98662735030422,2.5,0.5600202007005971,1,24,1.3059136599254673,2.5,,1,1.8794917573138166
24,20,matched_trusted,237.906077410237,201.41887125115886,3.3333333333333335,0.4592304369254818,1,29,7.754630050676348,1.6666666666666665,,1,2.5680715095318427
24,21,recovered_bin_refined,125.05397556494425,160.98930406900163,8.0,0.7905230417500423,2,-1,,3.0,4,1,1.3853796149381667
24,23,recovered_bin_refined,33.15962557002614,222.92242777133853,4.0,0.7641620487735225,3,-1,,1.0,4,1,1.5894021097557989
24,25,matched_trusted,35.062654580414176,247.39462260133345,1.5,0.7002072882931983,1,12,1.0978181885879106,3.5,,1,3.0706123719723477
24,26,matched_trusted,208.04895890678964,41.88309340100646,5.5,0.6055045108680689,1,73,0.854316724070205,0.5,,1,1.7826451374519587
24,28,recovered_bin_refined,210.2021412922161,60.98494323941805,8.0,0.6865850907049856,1,-1,,3.0,4,1,1.4379290793752526
24,29,matched_trusted,7.701088230762592,114.9580100761432,6.5,0.7192973609070852,1,26,0.5572427862814073,1.5,,1,3.4611971822773553
24,31,recovered_bin_refined,184.58923648382537,29.090375541535064,4.0,0.8753594348539759,3,-1,,1.0,4,1,2.3228406386490454
24,32,recovered_bin_refined,79.79063553337468,224.35347994163538,8.0,0.8134489356795428,2,-1,,3.0,4,1,1.8055442756206308
24,33,recovered_bin_refined,155.64609476960146,122.79924204397149,8.0,0.8145430975913418,1,-1,,3.0,4,1,1.8660757583049277
24,35,matched_trusted,135.48186807851806,58.20223010268831,0.0,0.5701352614173887,2,115,1.8061773031627302,5.0,,1,1.6331358841121404
24,36,recovered_bin_refined,215.419847550374,112.43123544140991,4.0,0.7410231255109354,1,-1,,1.0,4,1,1.9219591965563259
24,37,matched_trusted,70.14598160797699,206.9775212898124,6.0,0.5568230149411711,3,162,0.7922458591166461,1.0,,1,1.4961827106575387
24,38,matched_trusted,45.264045365445256,174.89870588117589,4.0,0.4562210275793804,3,148,0.4104370692099151,1.0,,1,1.5318062579407785
24,39,recovered_bin_refined,194.18250863406655,227.34348051890564,14.0,0.715144747952736,1,-1,,9.0,4,1,1.683082967950457
24,40,matched_trusted,210.58370968910694,30.330534844494448,2.6666666666666665,0.5023260137671764,1,14,1.1316193777703336,2.3333333333333335,,1,2.3949612793160324
24,41,matched_trusted,170.28654193431478,49.972143114404616,2.0,0.42686865465714025,4,197,1.9754753010640644,3.0,,1,1.2902601278442558
24,44,matched_trusted,244.92992793701345,155.57047057748358,14.0,0.636946605813431,1,25,0.12192194201877621,9.0,,1,2.191527888126768
24,45,recovered_bin_refined,41.48177893785765,112.05925331013174,0.0,0.9113163503078592,2,-1,,5.0,4,1,5.126035107347186
24,47,matched_trusted,23.46088583052577,23.507225415526925,5.0,0.4228925275632964,2,102,1.5322148550856087,0.0,,1,1.4796306794106069
24,49,recovered_bin_refined,166.19591964215996,7.017266328580454,6.0,0.814594555140817,1,-1,,1.0,4,1,1.5299950964827567
24,52,matched_trusted,82.12141116272657,107.06007841949875,-5.0,0.5011257084206691,3,161,1.7775708146175164,10.0,,1,1.7507354901336394
24,54,matched_trusted,27.667261717861997,154.94672160113154,8.0,0.575999595674592,1,48,1.6532625136067884,3.0,,1,1.694724245991157
24,57,recovered_bin_refined,206.21504332011122,151.24100270123247,8.0,0.7675926757151719,1,-1,,3.0,4,1,1.615983499330233
24,58,recovered_bin_refined,9.34877142350494,47.02998422820964,4.0,0.7489017160653179,3,-1,,1.0,4,1,1.5200052512250626
24,59,matched_trusted,144.7423989442609,204.54907172595736,7.5,0.5452473881986752,1,23,0.38407993839686866,2.5,,1,1.9014449521706456
24,60,recovered_bin_refined,104.29169335630198,47.68153320072175,0.0,0.8507492702627357,3,-1,,5.0,4,1,2.2581577121776055
24,61,recovered_bin_refined,53.6436364115131,89.02753525635224,0.0,0.7294032777087447,2,-1,,5.0,4,1,1.6414064623220743
24,62,recovered_bin_refined,58.117340510875295,213.35069021435854,8.0,0.6200503586980942,2,-1,,3.0,4,1,1.501233957619478
24,63,recovered_bin_refined,238.64556771408493,117.81101295050698,14.0,0.7186811768594891,4,-1,,9.0,4,1,1.5604235014912275
24,64,matched_trusted,19.16305594407185,120.7257697667026,0.0,0.5990397651771295,2,119,1.0891866022861556,5.0,,1,1.99874532361179
24,66,recovered_bin_refined,78.89174861606283,29.5133320836217,-2.0,0.7346910109037111,3,-1,,7.0,4,1,1.4780954142051577
24,68,recovered_bin_refined,236.10174920284348,221.52499031938845,6.0,0.8576847905218385,4,-1,,1.0,4,1,2.64979674321289
24,70,matched_trusted,210.49305561970436,218.5070117293059,7.333333333333333,0.6947662959229848,2,107,0.6753090402374596,2.333333333333333,,1,2.9517390788448736
24,71,recovered_bin_refined,216.75051792901405,67.67822690310393,6.0,0.6876235929760751,1,-1,,1.0,4,1,1.3100242688334178
24,73,recovered_bin_refined,71.53430293036459,123.73006640792708,0.0,0.7026605052530492,3,-1,,5.0,4,1,1.3974332281525024
24,77,matched_trusted,83.27654321709889,210.69133416941605,1.0,0.46852262369872866,2,100,0.715016807187768,4.0,,1,1.8466026585191462
24,81,recovered_bin_refined,75.3098373981107,189.81703158446976,6.0,0.7800910398834253,2,-1,,1.0,4,1,1.7560584688262484
24,86,recovered_bin_refined,185.49224703616835,221.02084797376435,8.0,0.7495895722584017,1,-1,,3.0,4,1,1.8264622366973666
24,87,matched_trusted,214.8759244462592,17.57590555675306,4.0,0.5787634862463719,3,144,0.6500308287609904,1.0,,1,2.0647392852770166
24,88,matched_trusted,159.7700983117849,55.07745674468328,4.0,0.45373192122191713,1,49,1.7363264668815108,1.0,,1,1.7008628177813727
24,90,recovered_bin_refined,109.84963641667069,227.05085265606732,6.0,0.745929603545069,2,-1,,1.0,4,1,1.7147450069214474
24,92,matched_trusted,68.6724028178561,172.8545380203482,0.0,0.6669783578879723,2,118,0.3846094541346925,5.0,,1,3.0036993798241114
24,93,recovered_bin_refined,248.83983109347696,48.13357403608587,16.0,0.8524879924939899,4,-1,,11.0,4,1,1.8489682149874196
24,94,recovered_bin_refined,146.42940802462937,104.28169862463608,4.0,0.7489365025856651,1,-1,,1.0,4,1,1.6446034520190833
24,99,recovered_bin_refined,131.2116253388214,73.68738078506175,2.0,0.7091067012585605,2,-1,,3.0,4,1,1.5270589274435944
24,102,recovered_bin_refined,92.58654532493237,146.57554462403374,0.0,0.5523427260661709,2,-1,,5.0,4,1,1.3935842070221114
24,103,matched_trusted,187.60935098621715,5.039298903491226,3.5,0.47549862968335677,1,72,1.8962466450020043,1.5,,1,4.77791464347244
24,111,recovered_bin_refined,239.56473725791457,11.326783149936928,4.0,0.6948602917448662,4,-1,,1.0,4,1,1.508171447680593
24,113,matched_trusted,32.84754832453277,10.814845825492021,-6.0,0.569643359510909,3,170,0.8234939779235857,11.0,,1,2.2838012491087927
24,114,recovered_bin_refined,66.33714624289631,162.44726984258216,2.0,0.5715804295001093,3,-1,,3.0,4,1,1.3947463685788866
24,115,recovered_bin_refined,203.75152750900926,82.04493386275439,6.0,0.6508990189693609,1,-1,,1.0,4,1,1.3912403259131392
24,116,recovered_bin_refined,142.02778614373838,146.11761425113497,6.0,0.6168519078653798,1,-1,,1.0,4,1,1.3528835212088686
24,117,recovered_bin_refined,244.13423544484039,76.4817651225099,8.0,0.8517898311927847,3,-1,,3.0,4,1,2.3682101297782894
24,118,recovered_bin_refined,72.2105210320249,226.98132717598634,8.0,0.4989103311716065,3,-1,,3.0,4,1,1.383767263481215
24,128,recovered_bin_refined,65.1881337215139,62.46752334103002,6.0,0.56099051870828,3,-1,,1.0,4,1,1.4336351879417288
24,129,recovered_bin_refined,109.0608161302765,100.40473636656644,-2.0,0.6481282240289553,2,-1,,7.0,4,1,1.6354622462935091
24,130,recovered_bin_refined,187.8289404627414,48.048147268016145,4.0,0.8776935611691663,3,-1,,1.0,4,1,3.2360471005624367
24,132,recovered_bin_refined,218.3719440243178,224.5024102195283,6.0,0.8121110697226297,3,-1,,1.0,4,1,1.8738636350964688
24,139,recovered_bin_refined,19.377158218639998,132.85145400394873,2.0,0.6824500074931424,2,-1,,3.0,4,1,1.5905359669726733
24,140,recovered_bin_refined,41.15229723791639,96.48284045482299,0.0,0.7422139069372122,2,-1,,5.0,4,1,1.582278960398672
24,141,recovered_bin_refined,128.16299493952343,245.81755513168022,4.0,0.6941456560402307,1,-1,,1.0,4,1,1.8106800433575552
24,142,recovered_bin_refined,23.384432368945657,238.52422945728944,4.0,0.659029821878125,2,-1,,1.0,4,1,1.4870739289650083
24,147,recovered_bin_refined,139.3238904454646,132.88970621788613,6.0,0.6659565770285547,3,-1,,1.0,4,1,1.4958415213437932
24,152,recovered_bin_refined,118.50565029702797,58.259822001457856,-2.0,0.7782170674105725,2,-1,,7.0,4,1,1.4920969056554654
24,153,recovered_bin_refined,215.81758656741087,140.0637009589926,8.0,0.7664019667924096,1,-1,,3.0,4,1,1.9221239665893162
24,155,matched_trusted,212.26084095080688,97.54018202380487,2.0,0.4002147082182319,4,201,1.6031379982319205,3.0,,1,1.4136006337930997
24,157,matched_trusted,27.339777404877193,147.69823215011314,0.0,0.47077353802625,2,104,0.18741643179497863,5.0,,1,1.6078721418858557
24,160,recovered_bin_refined,96.83098539750573,201.56829456663164,6.0,0.5229053713586672,2,-1,,1.0,4,1,1.400352180573033
24,163,recovered_bin_refined,175.23636299213996,4.047113153061646,-4.0,0.7499924578320635,2,-1,,9.0,4,1,1.563359880427837
24,168,recovered_bin_refined,159.19338163937394,81.47069846912764,2.0,0.6130354634809504,2,-1,,3.0,4,1,1.4374172561494183
24,170,recovered_bin_refined,214.6409998996085,49.55779645882099,4.0,0.5294395340312883,2,-1,,1.0,4,1,1.290038240597406
24,171,matched_trusted,194.96754184916512,100.2371131486243,6.0,0.4147830127515531,3,185,1.4779652928826366,1.0,,1,1.494552924797969
24,172,recovered_bin_refined,126.14312096245123,17.552928514228746,0.0,0.6689885739612496,2,-1,,5.0,4,1,1.4144200961021975
24,175,recovered_bin_refined,64.60318677184453,102.89232958031272,2.0,0.6185444560465794,2,-1,,3.0,4,1,1.377363182917532
24,177,recovered_bin_refined,82.71955282088696,237.284186955079,4.0,0.600832140942276,3,-1,,1.0,4,1,1.3520939878164533
24,180,recovered_bin_refined,223.85151553423944,204.41010262604806,6.0,0.6262139953180438,1,-1,,1.0,4,1,1.4164541301245124
24,185,recovered_bin_refined,239.3345681067556,56.527642616330276,14.0,0.6578344392262424,1,-1,,9.0,4,1,2.3654987210436262
24,187,matched_trusted,248.0067178309702,22.463307219993936,8.666666666666666,0.5876932903301381,2,135,1.9993720586836332,3.666666666666666,,1,2.2171145527672396
24,189,recovered_bin_refined,230.42464181737347,149.590751550093,10.0,0.5894196054336712,2,-1,,5.0,4,1,1.4006769368319716
24,190,matched_trusted,64.65472399410044,235.81919322110505,9.333333333333334,0.45602480289779745,1,55,4.40493295316727,4.333333333333334,,1,2.1971147071355532
24,215,matched_trusted,10.595182927213923,17.3511068837697,-4.5,0.5317527703356861,1,62,1.3906573131693605,9.5,,1,2.172005562067096
24,227,recovered_bin_refined,94.74183076374096,219.19148043707094,4.0,0.6636261285559223,1,-1,,1.0,4,1,1.4718953991365984
24,232,recovered_bin_refined,41.619007040845126,205.8975626992515,6.0,0.6591645244925608,2,-1,,1.0,4,1,1.858446417374186
24,238,recovered_bin_refined,155.27681244524882,18.657906932928835,-2.0,0.6080614325602578,4,-1,,7.0,4,1,1.3481275158805297
24,239,recovered_bin_refined,146.3245783555868,224.0103654251581,4.0,0.5505300592037419,1,-1,,1.0,4,1,1.5839001434398352
24,242,recovered_bin_refined,129.0956081659649,226.13090858268816,0.0,0.7532521790784739,2,-1,,5.0,4,1,2.048116721067476
24,254,recovered_bin_refined,144.43129711250222,92.63007449483091,8.0,0.6212483784663201,3,-1,,3.0,4,1,1.4166452583219442
29,2,recovered_bin_refined,200.9303739128054,168.17535661808327,14.0,0.8210841418325037,1,-1,,1.0,4,1,1.892015677259578
29,5,recovered_bin_refined,24.592008834454372,171.86863210967218,2.0,0.8475834859280461,3,-1,,13.0,4,1,2.091256829972432
29,7,recovered_bin_refined,212.3246138199849,61.30956818548863,14.0,0.6338963281618716,1,-1,,1.0,4,1,1.4196244446784256
29,9,recovered_bin_refined,156.01813990450609,37.321578455040076,8.0,0.7292322694533074,3,-1,,7.0,4,1,1.3993499289195008
29,22,recovered_bin_refined,235.0435173366606,122.16706424898373,12.0,0.7400565562050667,2,-1,,3.0,4,1,1.7567921748992155
29,27,recovered_bin_refined,25.447988239404996,26.6387266930175,12.0,0.7239945420594902,1,-1,,3.0,4,1,1.4156322657933866
29,28,recovered_bin_refined,215.589033984677,114.39094262495527,10.0,0.6696005489233263,1,-1,,5.0,4,1,1.5459585504279048
29,29,recovered_bin_refined,106.66963476398534,196.09139702811981,2.0,0.7345716708489308,3,-1,,13.0,4,1,1.5793150595372105
29,30,recovered_bin_refined,144.5197269350467,17.1677255582486,10.0,0.8018585234084993,1,-1,,5.0,4,1,1.557793098881636
29,31,recovered_bin_refined,169.55977557758274,146.58968909564913,10.0,0.7404069745831644,3,-1,,5.0,4,1,1.605037495689477
29,33,recovered_bin_refined,25.418308649241023,153.45658006344505,12.0,0.7970842387716723,3,-1,,3.0,4,1,1.5656690721272013
29,36,matched_trusted,235.29698147956734,223.39105956538006,7.333333333333333,0.4512051583541497,1,33,0.2132734004851382,7.666666666666667,,1,1.6198730956005416
29,37,recovered_bin_refined,10.103202489709869,220.16283505672124,16.0,0.7280075052359224,2,-1,,1.0,4,1,2.212888997638357
29,38,matched_trusted,223.6886254037616,121.10181782790997,14.0,0.4383250917230487,2,120,0.7700354425745951,1.0,,1,1.4734143096176877
29,40,recovered_bin_refined,199.69568459850558,127.53721418293249,14.0,0.6999901941021118,1,-1,,1.0,4,1,2.6546963329975464
29,41,matched_trusted,227.19367043762668,166.38464716586057,20.666666666666668,0.5954285035350558,1,22,2.1589635949508392,5.666666666666668,,1,2.601853667605331
29,44,recovered_bin_refined,148.53338496326148,216.21075049837222,14.0,0.6938788725508297,1,-1,,1.0,4,1,1.7664080059911225
29,45,recovered_bin_refined,70.50413278452632,206.82831933429264,4.0,0.6743734571527962,3,-1,,11.0,4,1,1.427032144075353
29,47,recovered_bin_refined,58.878648101642206,212.8147101941848,12.0,0.5790520049284202,2,-1,,3.0,4,1,1.4059309315629693
29,48,recovered_bin_refined,44.692764889866595,174.2114966817189,8.0,0.6876955801016638,3,-1,,7.0,4,1,1.4077408648021126
29,52,recovered_bin_refined,216.62387886400373,70.21176230710624,12.0,0.6746438170019654,1,-1,,3.0,4,1,1.345492996044888
29,54,recovered_bin_refined,183.94460118600472,28.56748906943978,8.0,0.5986951388054426,3,-1,,7.0,4,1,1.3513068060988622
29,56,matched_trusted,14.910027019663865,80.0346423971421,3.5,0.5933194797423752,1,59,1.7201831059681505,11.5,,1,2.087088331748145
29,61,recovered_bin_refined,8.120277161738864,172.22724179856996,10.0,0.5942219594690646,2,-1,,5.0,4,1,1.3388947804219666
29,63,recovered_bin_refined,8.711393790622136,88.74961381646486,8.0,0.772286623280747,2,-1,,7.0,4,1,1.5809088911010414
29,66,recovered_bin_refined,114.21466421747519,1.7774753972926849,2.0,0.7226075865897977,3,-1,,13.0,4,1,1.4541144539580209
29,67,recovered_bin_refined,127.07820816143592,53.179656566119675,-2.0,0.7504491261617419,3,-1,,17.0,4,1,1.416365445686742
29,70,recovered_bin_refined,172.36691028896996,51.06692962056151,6.0,0.5934289329217717,1,-1,,9.0,4,1,1.3464259223648736
29,71,recovered_bin_refined,99.37978114647125,204.08159648716952,12.0,0.49986957406938165,1,-1,,3.0,4,1,1.35889040630636
29,76,recovered_bin_refined,79.90597175136881,236.7773856501896,14.0,0.6323617913326556,3,-1,,1.0,4,1,1.4244112257392154
29,77,recovered_bin_refined,55.15159917328374,123.24632893682185,6.0,0.6513183094398622,3,-1,,9.0,4,1,1.3847491455345209
29,80,recovered_bin_refined,213.57543808608676,137.4788429978959,10.0,0.6989762188748436,3,-1,,5.0,4,1,1.6305156115991049
29,90,recovered_bin_refined,17.827326573637187,131.69381968989404,10.0,0.6901140267815705,3,-1,,5.0,4,1,1.4770867308118791
29,92,recovered_bin_refined,128.5930622385048,217.36255622279,4.0,0.9104679614547018,3,-1,,11.0,4,1,2.641128332540905
29,95,recovered_bin_refined,67.56994378918117,236.14726171564902,8.0,0.7261474866865376,3,-1,,7.0,4,1,1.5577161181855521
29,109,recovered_bin_refined,234.93873296869026,81.29895807130957,20.0,0.399446459637481,4,-1,,5.0,4,1,1.341168674776929
29,110,recovered_bin_refined,87.26116201010026,239.18589455397793,14.0,0.6442293851417001,2,-1,,1.0,4,1,1.3436754216488458
29,114,recovered_bin_refined,41.68608676199382,216.687452719148,16.0,0.5004210577134128,3,-1,,1.0,4,1,1.385789917630916
29,133,recovered_bin_refined,139.248984246107,136.18369376417084,10.0,0.6537759013941496,2,-1,,5.0,4,1,1.4216141130606401
29,149,recovered_bin_refined,89.86216243349061,95.85752947132113,4.0,0.6973747296510625,3,-1,,11.0,4,1,1.3711895791213131
29,152,recovered_bin_refined,223.8173320393981,206.3764331687231,14.0,0.5511345266848527,1,-1,,1.0,4,1,1.3322433050464708
29,154,recovered_bin_refined,239.6253525501593,203.22140793539248,24.0,0.8199354112130742,2,-1,,9.0,4,1,1.7152884861359359
29,172,recovered_bin_refined,120.43411938137685,60.35771614559942,4.0,0.6762655178488595,3,-1,,11.0,4,1,1.3993911052433252
29,199,recovered_bin_refined,243.38590502961551,8.156811565103906,10.0,0.7576200212671503,2,-1,,5.0,4,1,1.4842582842242757
