m2_plane,m2_roi,source,col,row,z_um,corr_or_best_r,primary_view,m1_idx,d_xy_px,d_z_um,n_pass,accepted
14,0,recovered_bin,111.84688053191621,32.38921072759301,-7.0,0.6226460077517254,1,-1,,8.0,4,1
14,1,recovered_bin,89.3007021501503,100.75669818173229,-7.0,0.4644099143704221,4,-1,,8.0,4,1
14,4,recovered_bin,45.63018702877528,68.5550276652192,-1.0,0.4878974868378265,1,-1,,14.0,4,1
14,5,recovered_bin,145.92804876079646,14.405022946133277,-3.0,0.6351365506798974,2,-1,,12.0,4,1
14,8,matched_trusted,76.04454885864496,84.39773868589697,-5.0,0.6406415965693004,1,8,2.0722217142249635,10.0,,1
14,12,matched_trusted,103.31707272226403,48.77674107843817,-13.333333333333334,0.531342787683788,2,96,1.5647522868091621,1.666666666666666,,1
14,13,matched_trusted,78.20715634308294,31.310366703668414,-10.0,0.4377287997255892,3,148,3.2162085523221204,5.0,,1
14,14,recovered_bin,158.86308029887994,8.536535344988312,-11.0,0.4944850351095792,4,-1,,4.0,4,1
14,15,recovered_bin,142.28932838068468,30.29480529621078,-11.0,0.49486509379070764,2,-1,,4.0,4,1
14,17,recovered_bin,49.91488635744764,88.39968229034412,-5.0,0.4322993783176884,1,-1,,10.0,4,1
14,18,recovered_bin,42.796788635097165,84.20521192069361,-1.0,0.4718003892273162,2,-1,,14.0,4,1
14,19,recovered_bin,152.85586645058586,8.59324221607125,-15.0,0.42515956556935275,3,-1,,0.0,3,1
14,21,recovered_bin,129.16596028860383,57.70240459531303,-1.0,0.5523110916939291,2,-1,,14.0,4,1
14,48,recovered_bin,116.79103457613132,58.586284675371566,1.0,0.5075594121241186,2,-1,,16.0,4,1
14,53,recovered_bin,17.83034422482978,128.74918062797855,1.0,0.3332879530041876,4,-1,,16.0,4,1
19,0,matched_trusted,90.54498830511908,101.0376204083162,-4.0,0.636713931835625,1,5,1.722362470081359,1.0,,1
19,1,recovered_bin,147.67338937646295,47.1602882821953,-5.0,0.710223956741745,3,-1,,0.0,4,1
19,2,recovered_bin,45.83482974906483,67.04640083904869,3.0,0.6554316377645355,1,-1,,8.0,4,1
19,3,matched_trusted,115.22821535978478,36.20766201923022,-12.0,0.6195172081285991,2,97,2.852670652483971,7.0,,1
19,6,matched_trusted,23.914619279377046,136.79796011311942,-2.0,0.6673988720850622,2,141,0.6312802427551499,3.0,,1
19,9,matched_trusted,43.734297922878994,194.92860375376264,0.5,0.635458349445621,1,0,1.754180643146981,5.5,,1
19,10,recovered_bin,191.55675814923484,130.9407311155014,15.0,0.40914761431619345,3,-1,,20.0,4,1
19,11,matched_trusted,148.2348651467195,15.213079037433097,-14.0,0.6676479186508539,3,146,5.202693628054666,9.0,,1
19,12,recovered_bin,40.10020369764663,146.00098772308777,9.0,0.6056681628281724,4,-1,,14.0,4,1
19,13,recovered_bin,26.274671849142475,95.82503714170801,3.0,0.6851804017843609,4,-1,,8.0,4,1
19,14,matched_trusted,126.29889414030565,56.27223461719491,-6.0,0.6342382813339986,3,144,2.234595721303592,1.0,,1
19,16,recovered_bin,102.11754303321416,48.42341284857096,-1.0,0.6069294873720498,4,-1,,4.0,4,1
19,17,matched_trusted,108.70887993532205,8.248383611486787,1.0,0.5781670815864836,1,44,1.5844998999201287,6.0,,1
19,18,recovered_bin,163.7945626599199,9.377814653619705,-5.0,0.5628111090298542,4,-1,,0.0,4,1
19,19,recovered_bin,33.66258132745103,248.4376094164502,7.0,0.7107120363482797,2,-1,,12.0,4,1
19,23,recovered_bin,108.34618635868293,196.22906145561896,-3.0,0.4740734783465521,2,-1,,2.0,4,1
19,24,recovered_bin,23.038714623394878,172.58786540234186,9.0,0.676719139490357,1,-1,,14.0,4,1
19,25,recovered_bin,170.75417658279054,49.82667698140395,-5.0,0.3787461250203187,4,-1,,0.0,4,1
19,28,recovered_bin,30.099976394424743,71.325466617104,-3.0,0.5556054186075868,2,-1,,2.0,4,1
19,30,recovered_bin,79.62090725257075,27.50402283190156,-7.0,0.5108129136204972,2,-1,,2.0,4,1
19,32,recovered_bin,44.904858678576176,173.1346847299061,5.0,0.47850421367264645,4,-1,,10.0,4,1
19,33,matched_trusted,136.91231071175125,28.465474198244287,-3.0,0.40648734211162035,3,154,3.8750742371471856,2.0,,1
19,34,recovered_bin,101.66836765078722,106.30441773765142,-3.0,0.3989711513383202,2,-1,,2.0,4,1
19,35,recovered_bin,172.05143589410466,61.451425264413565,-1.0,0.5317480797566394,2,-1,,4.0,4,1
19,38,matched_trusted,151.68806580135072,6.628425423805044,0.0,0.4502338998340082,2,98,1.578287916833912,5.0,,1
19,43,recovered_bin,18.655683513006114,32.10515802047146,-11.0,0.4893606871223686,2,-1,,6.0,4,1
19,45,recovered_bin,32.85848517081788,9.384915778276852,-1.0,0.5291329381118048,4,-1,,4.0,4,1
19,46,recovered_bin,157.50292338467128,39.712964030794474,-1.0,0.4345164357807425,3,-1,,4.0,4,1
19,48,recovered_bin,79.33435011931148,220.91536222035168,1.0,0.4600809578415662,2,-1,,6.0,4,1
19,51,recovered_bin,113.57463429408593,90.51793690307453,-3.0,0.41398194119111553,2,-1,,2.0,4,1
19,52,recovered_bin,69.25355995821721,172.2751789831583,1.0,0.5530112858909234,2,-1,,6.0,4,1
19,53,recovered_bin,186.43385896726556,29.339989870268482,-1.0,0.43896139839258397,3,-1,,4.0,4,1
19,56,recovered_bin,10.973679960541766,47.31104786929896,1.0,0.45286536488098483,2,-1,,6.0,4,1
19,61,recovered_bin,165.8401435702332,148.3931663384105,1.0,0.5366562258587507,1,-1,,6.0,4,1
19,64,matched_trusted,10.0134746827403,17.7905064230527,-4.5,0.49429499630616947,1,62,1.8528301968431558,0.5,,1
19,65,recovered_bin,38.24006383516404,29.31341888537711,-3.0,0.35561401780082086,2,-1,,2.0,4,1
19,69,recovered_bin,193.01316802195228,11.534568149114882,-7.0,0.39159432745954637,2,-1,,2.0,4,1
19,70,recovered_bin,130.1079596982855,73.1378772169444,1.0,0.3931070836434437,4,-1,,6.0,4,1
19,72,recovered_bin,125.04517970963953,97.03536071380138,-5.0,0.3438846963722367,2,-1,,0.0,4,1
19,73,recovered_bin,117.66653795958084,60.09194319384059,-3.0,0.5990183673129175,3,-1,,2.0,4,1
19,75,recovered_bin,108.13171368336512,100.50195763477562,-11.0,0.3638893228688056,2,-1,,6.0,4,1
19,76,recovered_bin,83.54512423011148,210.0912858393348,3.0,0.5424546595934001,4,-1,,8.0,4,1
19,77,recovered_bin,124.01910604510745,159.82541732576868,-1.0,0.441586120875774,4,-1,,4.0,4,1
19,87,recovered_bin,60.69617454016611,90.02678011813641,3.0,0.4459998225608514,1,-1,,8.0,4,1
19,97,recovered_bin,125.63924621338536,17.85341209093844,-13.0,0.2973939509741635,3,-1,,8.0,3,1
19,115,recovered_bin,40.32801095002216,113.59987365359048,1.0,0.6727628460144434,4,-1,,6.0,4,1
19,123,recovered_bin,20.020387202397043,121.57027793008116,1.0,0.5294379733118175,4,-1,,6.0,4,1
24,0,recovered_bin,38.49340787279345,145.51527074995468,7.0,0.6571532599152706,3,-1,,2.0,4,1
24,1,matched_trusted,146.52577686551155,48.202890121143,-0.5,0.5710636955976306,1,31,2.096667063205404,5.5,,1
24,3,recovered_bin,43.32002724293811,193.90009526361445,5.0,0.594494809747748,3,-1,,0.0,4,1
24,4,recovered_bin,89.31648716619019,97.28530184918635,3.0,0.664836059073644,2,-1,,2.0,4,1
24,5,recovered_bin,234.295605617815,22.59204598722419,5.0,0.7226655751880432,2,-1,,0.0,4,1
24,6,recovered_bin,13.050898504166248,54.74684603286149,1.0,0.5433541799144188,2,-1,,4.0,4,1
24,7,recovered_bin,157.38363745591934,38.435613177105,3.0,0.567280542338534,2,-1,,2.0,4,1
24,9,matched_trusted,29.359622105569063,134.68535464974005,8.0,0.6896715987877845,3,185,0.15986647540182689,3.0,,1
24,10,recovered_bin,174.3522426539133,227.39946294751212,9.0,0.6859367774858488,4,-1,,4.0,4,1
24,11,recovered_bin,44.80016771290386,65.33517778158347,-1.0,0.6256753534639357,1,-1,,6.0,4,1
24,15,recovered_bin,114.83643351929668,33.639766517991596,-3.0,0.6691772906745062,2,-1,,8.0,4,1
24,16,matched_trusted,65.07770392954984,217.2954054945296,4.0,0.6105279880726667,1,7,1.2369123089498775,1.0,,1
24,17,matched_trusted,142.84176858112136,16.149304205065185,1.0,0.5889334261565883,1,18,3.8206302209863705,4.0,,1
24,19,matched_trusted,105.56008689549945,198.5532623832123,4.0,0.5573660600461161,1,24,2.094376453428953,1.0,,1
24,20,matched_trusted,233.95396432637742,210.2851158540578,12.666666666666666,0.5617172872574526,1,83,2.3649398515750377,7.666666666666666,,1
24,21,recovered_bin,125.05397556494425,160.98930406900163,11.0,0.5547868436973472,2,-1,,6.0,4,1
24,23,recovered_bin,33.15962557002614,222.92242777133853,7.0,0.4542734569165697,1,-1,,2.0,4,1
24,25,matched_trusted,34.747641184123154,248.99751464044232,3.0,0.7002072882931983,1,12,0.6197571977218163,2.0,,1
24,26,recovered_bin,208.3522563394062,43.080850236557495,11.0,0.6015435719019553,2,-1,,6.0,4,1
24,28,matched_trusted,208.42515231091545,60.8746693936594,10.0,0.4305976843942029,2,93,2.583867805206366,5.0,,1
24,29,matched_trusted,7.473845423470521,117.31234480544268,11.0,0.7244751434796515,1,26,2.846332513365505,6.0,,1
24,31,recovered_bin,186.58923648382537,29.090375541535064,3.0,0.6725388259560554,2,-1,,2.0,4,1
24,32,matched_trusted,78.96611034876943,224.29413274929402,12.5,0.5530396338471496,1,34,2.1003247647503236,7.5,,1
24,33,matched_trusted,153.02575126056075,123.57938291576812,4.0,0.48163730645001784,2,122,2.8374008313071224,1.0,,1
24,35,matched_trusted,134.88575355295407,60.66605636238598,0.6666666666666666,0.5568384960774849,2,116,3.6482352176120694,4.333333333333333,,1
24,36,matched_trusted,213.7993960476928,114.35913898080334,13.5,0.5661184962095178,1,54,2.5086448006491664,8.5,,1
24,37,matched_trusted,69.73705887481336,209.7145251506908,8.0,0.5390842554558627,3,163,2.0319007116592607,3.0,,1
24,38,matched_trusted,45.25983066442488,177.66881928447242,8.0,0.44768506722800294,3,150,2.4043703372635767,3.0,,1
24,39,recovered_bin,192.18250863406655,225.34348051890564,13.0,0.5207965161949814,2,-1,,8.0,4,1
24,40,matched_trusted,210.9928704616916,31.808962196159754,10.0,0.5354579972704441,1,14,1.6690743223678302,5.0,,1
24,41,recovered_bin,172.05952134186637,49.08351202784384,5.0,0.49990644869967676,4,-1,,0.0,4,1
24,44,recovered_bin,243.8219932737677,155.5127497239233,11.0,0.7296979007474339,3,-1,,6.0,4,1
24,45,matched_trusted,40.92435210240295,111.76096872706722,0.5,0.6595130588320793,1,35,0.6297513807130919,4.5,,1
24,47,recovered_bin,21.924431457179647,23.433673204692933,9.0,0.3131843992186959,2,-1,,4.0,4,1
24,49,recovered_bin,164.19591964215996,7.017266328580454,9.0,0.6028737670784704,3,-1,,4.0,4,1
24,52,matched_trusted,81.9092093508352,109.11212635115277,-5.0,0.5011257084206691,3,162,3.0716113362134863,10.0,,1
24,54,matched_trusted,27.056334039556138,156.39531289038666,13.0,0.5742031669576942,1,48,0.39155525342153347,8.0,,1
24,57,matched_trusted,204.24526734149887,152.62439566561437,12.0,0.4920862955740249,1,85,1.3783265683548631,7.0,,1
24,58,recovered_bin,9.34877142350494,47.02998422820964,3.0,0.5241681396949087,2,-1,,2.0,4,1
24,59,matched_trusted,144.24938928333518,206.47888013826545,14.0,0.5414023363433563,1,23,2.2097551758177136,9.0,,1
24,60,recovered_bin,104.29169335630198,47.68153320072175,3.0,0.6532867307970269,2,-1,,2.0,4,1
24,61,matched_trusted,50.95705518120761,88.54448727004524,-6.0,0.41640892337850505,1,40,2.719016214173297,11.0,,1
24,62,recovered_bin,60.117340510875295,211.35069021435854,3.0,0.42562871283614995,3,-1,,2.0,4,1
24,63,recovered_bin,236.64556771408493,121.81101295050698,9.0,0.4012634028662552,2,-1,,4.0,4,1
24,64,recovered_bin,19.787916676691992,121.6230903830725,5.0,0.7021145953817407,3,-1,,0.0,4,1
24,66,recovered_bin,78.89174861606283,29.5133320836217,3.0,0.4813819010223071,2,-1,,2.0,4,1
24,68,recovered_bin,234.10174920284348,221.52499031938845,7.0,0.6619122774253773,3,-1,,2.0,4,1
24,70,matched_trusted,210.07384734116962,220.61260413905384,10.666666666666666,0.6766291013660063,2,106,2.5742358830063283,5.666666666666666,,1
24,71,recovered_bin,214.75051792901405,67.67822690310393,5.0,0.5249426134118242,3,-1,,0.0,4,1
24,73,recovered_bin,71.53430293036459,123.73006640792708,5.0,0.5039291989855318,1,-1,,0.0,4,1
24,77,matched_trusted,82.87672191145803,212.34148360244689,3.0,0.4392832282340652,2,99,2.3990183024187095,2.0,,1
24,81,recovered_bin,75.3098373981107,189.81703158446976,9.0,0.4958176167564798,1,-1,,4.0,4,1
24,86,recovered_bin,183.49224703616835,221.02084797376435,13.0,0.5121796800560042,2,-1,,8.0,4,1
24,87,matched_trusted,215.40987782495836,20.562552920556325,10.0,0.5969448245489782,3,145,2.9534559893878654,5.0,,1
24,88,recovered_bin,161.50988856540508,55.18522236723221,-1.0,0.5090161871741085,3,-1,,6.0,4,1
24,90,recovered_bin,109.84963641667069,227.05085265606732,11.0,0.543502556820644,3,-1,,6.0,4,1
24,92,matched_trusted,68.25079201452384,174.31833424380326,-0.6666666666666666,0.6505300329322017,2,119,1.136730752124656,5.666666666666667,,1
24,93,recovered_bin,244.83983109347696,50.13357403608587,13.0,0.6562675444753712,3,-1,,8.0,4,1
24,94,recovered_bin,146.42940802462937,104.28169862463608,5.0,0.5148463543166817,2,-1,,0.0,4,1
24,99,recovered_bin,133.2116253388214,73.68738078506175,9.0,0.5198091369207785,4,-1,,4.0,4,1
24,102,recovered_bin,92.58654532493237,146.57554462403374,3.0,0.36618634270326295,3,-1,,2.0,4,1
24,103,recovered_bin,186.7158886042119,4.842414829600147,5.0,0.5705235699157875,1,-1,,0.0,4,1
24,106,recovered_bin,197.2842600995367,122.92495186673573,11.0,0.32963867904531363,1,-1,,6.0,4,1
24,111,matched_trusted,238.1424626366984,13.35601188086916,12.0,0.40248731680970595,3,170,2.468366016576163,7.0,,1
24,113,matched_trusted,32.83924197797596,12.939804072619559,-6.0,0.5521474561684452,3,173,2.8968702134517135,11.0,,1
24,114,recovered_bin,66.33714624289631,162.44726984258216,5.0,0.2921613807437727,4,-1,,0.0,4,1
24,115,recovered_bin,203.75152750900926,80.04493386275439,11.0,0.42613179625721964,1,-1,,6.0,4,1
24,116,recovered_bin,142.02778614373838,144.11761425113497,11.0,0.2276249135120715,1,-1,,6.0,4,1
24,117,matched_trusted,245.08237748282227,80.09498818956651,7.333333333333333,0.5427864336762305,1,39,3.748538324963727,2.333333333333333,,1
24,118,recovered_bin,74.2105210320249,226.98132717598634,11.0,0.2532451287952433,4,-1,,6.0,3,1
24,128,recovered_bin,67.1881337215139,64.46752334103002,11.0,0.39294523989808994,1,-1,,6.0,4,1
24,129,recovered_bin,109.0608161302765,100.40473636656644,-3.0,0.4141960693506932,2,-1,,8.0,4,1
24,130,recovered_bin,189.8289404627414,48.048147268016145,3.0,0.7441645572804205,4,-1,,2.0,4,1
24,132,recovered_bin,218.3719440243178,226.5024102195283,1.0,0.49975188855538494,3,-1,,4.0,4,1
24,139,recovered_bin,19.377158218639998,132.85145400394873,3.0,0.480751138835067,1,-1,,2.0,4,1
24,140,matched_trusted,39.67160955559231,97.92241176463199,-6.0,0.4846397927087495,3,143,2.057085555830902,11.0,,1
24,141,recovered_bin,128.16299493952343,245.81755513168022,9.0,0.5600863183469036,1,-1,,4.0,4,1
24,142,matched_trusted,23.39211274786634,238.8738232431711,12.0,0.40365974264417065,3,189,0.34831439775162604,7.0,,1
24,147,recovered_bin,141.3238904454646,134.88970621788613,5.0,0.3067863556788869,3,-1,,0.0,4,1
24,152,matched_trusted,116.36075316369977,59.85608609194997,-5.0,0.4656501897976671,2,108,2.663267180830551,10.0,,1
24,153,recovered_bin,215.81758656741087,138.0637009589926,7.0,0.5215853313782925,4,-1,,2.0,4,1
24,155,recovered_bin,213.29465908779778,98.77364697526967,7.0,0.545136791066547,4,-1,,2.0,4,1
24,157,recovered_bin,27.44813298997875,147.54441546838873,7.0,0.5234732467317749,1,-1,,2.0,4,1
24,160,recovered_bin,98.83098539750573,201.56829456663164,5.0,0.3679510876382874,3,-1,,0.0,4,1
24,163,recovered_bin,175.23636299213996,4.047113153061646,3.0,0.4783515044539242,2,-1,,2.0,4,1
24,168,recovered_bin,159.19338163937394,79.47069846912764,5.0,0.37008298927112215,3,-1,,0.0,4,1
24,170,recovered_bin,212.6409998996085,49.55779645882099,-9.0,0.2622441294676555,3,-1,,14.0,2,1
24,171,recovered_bin,194.50632240512775,98.82686621969826,5.0,0.3665721984076661,3,-1,,0.0,4,1
24,172,recovered_bin,126.14312096245123,17.552928514228746,5.0,0.3822098350428863,2,-1,,0.0,4,1
24,175,recovered_bin,66.60318677184453,100.89232958031272,-5.0,0.37825748890341543,2,-1,,10.0,4,1
24,177,recovered_bin,82.71955282088696,237.284186955079,17.0,0.33196751397751856,4,-1,,12.0,4,1
24,180,recovered_bin,221.85151553423944,204.41010262604806,9.0,0.3619795215495804,3,-1,,4.0,4,1
24,185,recovered_bin,235.3345681067556,52.527642616330276,1.0,0.5751501219305711,2,-1,,4.0,4,1
24,187,recovered_bin,249.07470245066872,22.685612159025133,15.0,0.613395200640099,1,-1,,10.0,4,1
24,189,recovered_bin,232.42464181737347,147.590751550093,9.0,0.3413959869079294,4,-1,,4.0,4,1
24,190,recovered_bin,68.99295311416014,237.6767707492055,7.0,0.6035735637651716,2,-1,,2.0,4,1
24,215,matched_trusted,11.085825185314702,19.63131294510378,2.0,0.4996750189634205,2,90,3.710112872473894,3.0,,1
24,227,recovered_bin,92.74183076374096,219.19148043707094,13.0,0.4424379130577056,3,-1,,8.0,4,1
24,232,recovered_bin,41.619007040845126,203.8975626992515,11.0,0.25667892794802394,3,-1,,6.0,4,1
24,238,recovered_bin,155.27681244524882,18.657906932928835,5.0,0.38736801064950943,2,-1,,0.0,3,1
24,239,recovered_bin,144.3245783555868,224.0103654251581,7.0,0.4043826389745425,1,-1,,2.0,4,1
24,242,recovered_bin,129.0956081659649,226.13090858268816,9.0,0.4755380316075837,3,-1,,4.0,4,1
24,254,recovered_bin,146.43129711250222,92.63007449483091,5.0,0.36986803901825754,2,-1,,0.0,4,1
29,0,matched_trusted,38.222385269949655,147.98055785909256,7.5,0.5271757865498562,1,2,1.0908487853279618,7.5,,1
29,1,matched_trusted,234.19457054101554,25.851409335824062,14.0,0.6402696183259088,1,1,2.0711712202055224,1.0,,1
29,2,recovered_bin,198.9303739128054,166.17535661808327,15.0,0.5069624350867356,2,-1,,0.0,4,1
29,3,matched_trusted,173.807174293105,229.68151515298467,16.5,0.5145178148678187,1,19,1.383539336280295,1.5,,1
29,5,recovered_bin,22.592008834454372,173.86863210967218,5.0,0.5369031173449017,2,-1,,10.0,4,1
29,6,recovered_bin,80.9109726406267,222.67010654529767,19.0,0.48452319199648974,1,-1,,4.0,4,1
29,7,recovered_bin,208.3246138199849,57.30956818548863,15.0,0.31517774012052574,4,-1,,0.0,4,1
29,9,recovered_bin,158.01813990450609,39.321578455040076,15.0,0.42975763123288296,1,-1,,0.0,4,1
29,12,recovered_bin,208.94496667082925,42.31135575084292,19.0,0.4167725358830505,1,-1,,4.0,4,1
29,13,matched_trusted,191.99181526335656,226.83173545266197,23.5,0.4245242291731966,1,27,2.6145061528964537,8.5,,1
29,15,recovered_bin,146.84582950429754,46.465832129922084,3.0,0.552166064816702,1,-1,,12.0,4,1
29,16,recovered_bin,42.544824816785464,194.3421916904499,9.0,0.44721166661703393,2,-1,,6.0,4,1
29,21,matched_trusted,244.43331706646944,158.27994807583926,20.0,0.6040676002305811,1,25,2.4647734275400985,5.0,,1
29,22,matched_trusted,236.5800856189266,123.36224413704886,20.0,0.4634277623963698,1,45,3.2160216515409283,5.0,,1
29,23,matched_trusted,203.69679035136105,153.5404518457572,18.666666666666668,0.4617212180559652,1,43,2.9214616171753818,3.666666666666668,,1
29,25,recovered_bin,234.65952389142834,207.36507133063702,9.0,0.5805216335251729,3,-1,,6.0,4,1
29,27,recovered_bin,19.447988239404996,24.6387266930175,25.0,0.324304700166787,3,-1,,10.0,4,1
29,28,recovered_bin,213.589033984677,114.39094262495527,13.0,0.3638759193773595,2,-1,,2.0,4,1
29,29,recovered_bin,106.66963476398534,198.09139702811981,25.0,0.3693782708338663,1,-1,,10.0,4,1
29,30,recovered_bin,144.5197269350467,15.167725558248598,15.0,0.5463250859373295,1,-1,,0.0,4,1
29,31,recovered_bin,171.55977557758274,148.58968909564913,13.0,0.5446679314627874,2,-1,,2.0,4,1
29,33,recovered_bin,27.418308649241023,155.45658006344505,19.0,0.5169568330954879,1,-1,,4.0,4,1
29,35,recovered_bin,183.79148324483182,220.34216008806024,11.0,0.473323002585198,1,-1,,4.0,4,1
29,36,matched_trusted,234.87329670140375,225.09464675028585,15.333333333333334,0.45450298188279203,1,33,1.8131994689564566,0.3333333333333339,,1
29,37,recovered_bin,12.103202489709869,218.16283505672124,9.0,0.29368871641966027,1,-1,,6.0,4,1
29,38,matched_trusted,223.97306520054582,122.09895400426777,20.0,0.414445853414866,2,121,1.4866099459764746,5.0,,1
29,40,recovered_bin,195.69568459850558,125.53721418293249,15.0,0.28526129176442966,3,-1,,0.0,4,1
29,41,recovered_bin,227.8984510856709,167.72308555088983,15.0,0.6259951724192799,1,-1,,0.0,4,1
29,44,recovered_bin,146.53338496326148,214.21075049837222,9.0,0.49189843731632915,1,-1,,6.0,4,1
29,45,recovered_bin,70.50413278452632,208.82831933429264,11.0,0.39262982869886426,4,-1,,4.0,4,1
29,47,recovered_bin,60.878648101642206,212.8147101941848,19.0,0.41641232356596497,1,-1,,4.0,4,1
29,48,recovered_bin,44.692764889866595,176.2114966817189,15.0,0.3311236966288213,2,-1,,0.0,4,1
29,52,recovered_bin,214.62387886400373,70.21176230710624,13.0,0.4159329965326527,2,-1,,2.0,4,1
29,54,recovered_bin,187.94460118600472,28.56748906943978,21.0,0.30001397417251574,4,-1,,6.0,4,1
29,56,matched_trusted,14.543514377617022,81.52410220616706,7.0,0.6032477564221076,1,59,0.39074845665389585,8.0,,1
29,57,recovered_bin,209.78172615134508,218.90210530747336,9.0,0.6391522889789827,2,-1,,6.0,4,1
29,58,recovered_bin,211.50052773383766,30.036059551168478,13.0,0.4186886968042072,1,-1,,2.0,4,1
29,61,recovered_bin,10.120277161738864,172.22724179856996,7.0,0.3485198505766672,1,-1,,8.0,4,1
29,62,recovered_bin,136.2314101920567,60.31925719095682,15.0,0.38084257184189657,1,-1,,0.0,4,1
29,63,recovered_bin,8.711393790622136,86.74961381646486,13.0,0.5416135887658392,3,-1,,2.0,4,1
29,66,recovered_bin,110.21466421747519,9.777475397292685,15.0,0.4464595566395886,1,-1,,0.0,4,1
29,67,recovered_bin,129.07820816143592,55.179656566119675,15.0,0.5070267310448401,1,-1,,0.0,4,1
29,69,recovered_bin,160.0129393523631,56.665439659114995,15.0,0.38623349040142224,2,-1,,0.0,4,1
29,70,recovered_bin,170.36691028896996,51.06692962056151,9.0,0.33769701364354004,1,-1,,6.0,4,1
29,71,recovered_bin,97.37978114647125,202.08159648716952,15.0,0.25695273706499056,4,-1,,0.0,3,1
29,72,recovered_bin,246.80123449193792,19.974675427716484,15.0,0.452882759238474,3,-1,,0.0,4,1
29,76,recovered_bin,81.90597175136881,238.7773856501896,17.0,0.3462509878489195,1,-1,,2.0,4,1
29,77,recovered_bin,55.15159917328374,127.24632893682185,9.0,0.31561809904268806,1,-1,,6.0,4,1
29,79,recovered_bin,240.15679498668663,12.885114331212831,13.0,0.4134380184115737,1,-1,,2.0,4,1
29,80,recovered_bin,215.57543808608676,139.4788429978959,21.0,0.38864574961987103,1,-1,,6.0,4,1
29,90,recovered_bin,19.827326573637187,133.69381968989404,15.0,0.388186880782011,3,-1,,0.0,4,1
29,92,matched_trusted,129.23419784144653,220.60593859682922,6.0,0.5964674513266361,3,178,1.3934917762346362,9.0,,1
29,95,recovered_bin,67.56994378918117,238.14726171564902,15.0,0.38920766258192013,2,-1,,0.0,4,1
29,107,recovered_bin,67.58175064570004,173.63170912011392,7.0,0.4782868155457095,2,-1,,8.0,4,1
29,109,failed,,,,0.20938076863264352,,-1,,,3,0
29,110,recovered_bin,87.26116201010026,237.18589455397793,13.0,0.37875470805865596,3,-1,,2.0,4,1
29,114,recovered_bin,43.68608676199382,220.687452719148,17.0,0.32638263959276603,1,-1,,2.0,4,1
29,133,recovered_bin,141.248984246107,134.18369376417084,11.0,0.3099295626780142,2,-1,,4.0,4,1
29,149,recovered_bin,93.86216243349061,97.85752947132113,13.0,0.3627737539263677,1,-1,,2.0,4,1
29,152,recovered_bin,223.8173320393981,204.3764331687231,15.0,0.3468356304361983,1,-1,,0.0,3,1
29,154,matched_trusted,240.03011958237283,198.92260133566492,3.0,0.4432728028705125,1,29,3.5935590363747116,12.0,,1
29,172,recovered_bin,120.43411938137685,60.35771614559942,15.0,0.4415205262169354,1,-1,,0.0,4,1
29,199,recovered_bin,245.38590502961551,6.156811565103906,13.0,0.3485594489139902,4,-1,,2.0,4,1
