idx,orig_idx,col,row,z_um,z_plane_equiv,x_um,y_um,n_views_matched,peak_corr,center_spread_px,mean_trace_corr,min_trace_corr,primary_view
0,0,43.7642783887284,193.58123874153182,-1.0,-0.5,43.7642783887284,193.58123874153182,4,2.3887802602076693,0.4040950160333175,0.8541435164875865,0.8541435164875865,1
1,1,234.57207653616567,23.67203563493365,8.0,4.0,234.57207653616567,23.67203563493365,4,2.321489847174475,1.4247978500006553,0.8814916220877593,0.8814916220877593,1
2,2,38.23610850341585,146.30388178195105,4.0,2.0,38.23610850341585,146.30388178195105,4,2.38202439631457,0.6932157463421024,0.8733298937742788,0.8733298937742788,1
3,3,22.835837992044922,172.63417457786448,4.5,2.25,22.835837992044922,172.63417457786448,4,2.5536745862235226,0.8029188788440602,0.891537957717405,0.891537957717405,1
4,4,47.270962093081344,65.90403733474407,-4.666666666666667,-2.3333333333333335,47.270962093081344,65.90403733474407,4,2.3861772708263724,1.1702621177473174,0.8390938821473128,0.8390938821473128,1
5,5,90.21549191101472,99.67984700227521,-5.0,-2.5,90.21549191101472,99.67984700227521,4,2.702063359289823,1.449413196374899,0.9279612585731518,0.9279612585731518,1
6,6,94.35359864523244,158.19138713838814,0.0,0.0,94.35359864523244,158.19138713838814,4,2.315442605462266,0.148591849390308,0.8230700694306228,0.8230700694306228,1
7,7,65.20708857226059,215.4047663602105,4.0,2.0,65.20708857226059,215.4047663602105,4,2.434120063433942,0.6295940165699638,0.8599702957647803,0.8599702957647803,1
8,8,75.96296133903422,82.9183803928557,-6.0,-3.0,75.96296133903422,82.9183803928557,4,2.7005401401773486,1.7232358689957776,0.9385478945142772,0.9385478945142772,1
9,9,226.71695580586774,167.58839412663323,18.666666666666668,9.333333333333334,226.71695580586774,167.58839412663323,4,2.530793581503805,4.006943696943516,0.8172674370696109,0.8172674370696109,1
10,10,208.4014166816017,41.762142434433656,7.0,3.5,208.4014166816017,41.762142434433656,4,2.178040964591249,1.357759261903613,0.7719873726862677,0.7719873726862677,1
11,11,181.45786888897328,208.7432666765201,8.0,4.0,181.45786888897328,208.7432666765201,4,0.7432164803187564,1.2808089729476368,0.636687005700439,0.636687005700439,1
12,12,35.062654580414176,247.39462260133345,1.5,0.75,35.062654580414176,247.39462260133345,4,2.365126625338172,0.06723727914634894,0.8710118462094362,0.8710118462094362,1
13,13,194.19914322443583,131.15503680646677,10.0,5.0,194.19914322443583,131.15503680646677,4,1.9345325147288903,1.909960638950174,0.7930392589695844,0.7930392589695844,1
14,14,210.58370968910694,30.330534844494448,2.6666666666666665,1.3333333333333333,210.58370968910694,30.330534844494448,4,1.9819621895660355,0.06289111132559679,0.7041421607234165,0.7041421607234165,1
15,15,210.04350804497892,141.79423256234008,11.0,5.5,210.04350804497892,141.79423256234008,4,2.07017041014325,2.3356663082193916,0.5099519713804186,0.5099519713804186,1
16,16,40.03658080314023,203.4309664485248,4.0,2.0,40.03658080314023,203.4309664485248,4,1.9403818030928073,0.28546088331829905,0.6761811843280067,0.6761811843280067,1
17,17,186.2455700306729,29.73752442743975,1.5,0.75,186.2455700306729,29.73752442743975,4,2.0307500134828964,0.13578605181049774,0.8581153019189467,0.8581153019189467,1
18,18,143.2730972186298,14.650465298895526,-1.0,-0.5,143.2730972186298,14.650465298895526,4,2.3909210548640427,0.3556388547148326,0.9155162898735082,0.9155162898735082,1
19,19,173.8549893414018,227.69417459017433,9.5,4.75,173.8549893414018,227.69417459017433,4,2.0844284867489113,2.168474574003484,0.761544988421788,0.761544988421788,1
20,20,124.96904937277439,229.62122730199803,-6.666666666666667,-3.3333333333333335,124.96904937277439,229.62122730199803,4,2.13304085092758,1.2790310925707542,0.7809901907934694,0.7809901907934694,1
21,21,26.33640434533808,94.05806739058131,1.3333333333333333,0.6666666666666666,26.33640434533808,94.05806739058131,4,2.5191508276128993,0.09325003590018864,0.8964098466261071,0.8964098466261071,1
22,22,227.19367043762668,166.38464716586057,20.666666666666668,10.333333333333334,227.19367043762668,166.38464716586057,4,2.04898079306319,4.494864662024289,0.7783441396782,0.7783441396782,1
23,23,144.7423989442609,204.54907172595736,7.5,3.75,144.7423989442609,204.54907172595736,4,1.985602197701457,1.4144413880426683,0.6562271238061796,0.6562271238061796,1
24,24,105.51511925385861,196.98662735030422,2.5,1.25,105.51511925385861,196.98662735030422,4,1.8746209121364017,0.20810714436883274,0.7624097492154256,0.7624097492154256,1
25,25,244.92992793701345,155.57047057748358,14.0,7.0,244.92992793701345,155.57047057748358,4,2.2699844126648347,3.142694554706286,0.8474481225393857,0.8474481225393857,1
26,26,7.701088230762592,114.9580100761432,6.5,3.25,7.701088230762592,114.9580100761432,4,2.4884352851386877,1.2680479721808577,0.8556458233398424,0.8556458233398424,1
27,27,192.2748960729127,224.40777105356304,14.0,7.0,192.2748960729127,224.40777105356304,4,1.7738285932525506,3.229109555905889,0.6855822329703573,0.6855822329703573,1
28,28,12.64819548763169,53.340703508519006,-2.6666666666666665,-1.3333333333333333,12.64819548763169,53.340703508519006,4,2.3070687542047486,0.894963894631095,0.8324783047474054,0.8324783047474054,1
29,29,237.906077410237,201.41887125115886,3.3333333333333335,1.6666666666666667,237.906077410237,201.41887125115886,4,2.4272418764851693,0.4776374048193685,0.8301470349561431,0.8301470349561431,1
30,30,125.71489149347555,160.23533287258851,8.0,4.0,125.71489149347555,160.23533287258851,4,1.5710595892705534,1.7271419243166155,0.6687781578412382,0.6687781578412382,1
31,31,146.87599230939327,46.454485674025655,-2.5,-1.25,146.87599230939327,46.454485674025655,4,2.2413902912342656,0.48448958305981615,0.8816786342737266,0.8816786342737266,1
32,32,208.80395768679028,59.569675119795605,6.0,3.0,208.80395768679028,59.569675119795605,4,1.426332614829525,0.8077145870829632,0.618408669721798,0.618408669721798,1
33,33,235.29698147956734,223.39105956538006,7.333333333333333,3.6666666666666665,235.29698147956734,223.39105956538006,4,2.343165703329922,1.4955697544244295,0.8762478223109446,0.8762478223109446,1
34,34,78.974175199317,222.048136816095,9.5,4.75,78.974175199317,222.048136816095,4,2.1445014010277577,2.1427860760344952,0.810771158273093,0.810771158273093,1
35,35,40.95521495415092,110.41930837700505,-2.0,-1.0,40.95521495415092,110.41930837700505,4,2.712907704230051,0.5896157323677405,0.935378501431802,0.935378501431802,1
36,36,229.31236890945775,239.2702097653859,16.0,8.0,229.31236890945775,239.2702097653859,4,2.2968568521692476,3.2096694054806383,0.8083657100108673,0.8083657100108673,1
37,37,133.8337068447904,119.79529036236698,2.0,1.0,133.8337068447904,119.79529036236698,4,2.221327725405218,0.170295289706484,0.7602728283787658,0.7602728283787658,1
38,38,248.71565051820133,171.78427573615068,8.0,4.0,248.71565051820133,171.78427573615068,4,1.6793628867421875,1.5494806839712711,0.7156595199976356,0.7156595199976356,1
39,39,243.1320445155304,74.93579948296819,1.3333333333333333,0.6666666666666666,243.1320445155304,74.93579948296819,4,2.193639559127021,0.07238002054883402,0.7870631512046002,0.7870631512046002,1
40,40,51.48108478875596,87.46962054605531,-7.5,-3.75,51.48108478875596,87.46962054605531,4,1.98061444112192,2.009593871404769,0.7382602435610234,0.7382602435610234,1
41,41,195.98182562620187,126.01434649304564,10.666666666666666,5.333333333333333,195.98182562620187,126.01434649304564,4,1.857889590627725,2.2730154611816875,0.7913639857299155,0.7913639857299155,1
42,42,9.126401760699585,172.82334496668827,9.333333333333334,4.666666666666667,9.126401760699585,172.82334496668827,4,1.4143827000929357,1.9510326681733592,0.5911884799849321,0.5911884799849321,1
43,43,204.41692549333575,151.87580584278342,10.666666666666666,5.333333333333333,204.41692549333575,151.87580584278342,4,1.7361674802569902,2.0406822758234053,0.6891353924094675,0.6891353924094675,1
44,44,109.56849929471372,7.698451199706639,-4.0,-2.0,109.56849929471372,7.698451199706639,4,2.2417753780293235,1.0445670962801197,0.8135394257392686,0.8135394257392686,1
45,45,236.57006075967078,120.88512493359765,11.0,5.5,236.57006075967078,120.88512493359765,4,2.1156428919133017,2.588037846360705,0.7342883273191342,0.7342883273191342,1
46,46,214.6523753208553,137.95315543784383,10.0,5.0,214.6523753208553,137.95315543784383,4,1.6293618282597384,2.2058260750859366,0.6768028372014485,0.6768028372014485,1
47,47,240.28748032046724,130.7045667785323,16.0,8.0,240.28748032046724,130.7045667785323,4,2.074335328214119,3.3490331167300345,0.7419451195923412,0.7419451195923412,1
48,48,27.667261717861997,154.94672160113154,8.0,4.0,27.667261717861997,154.94672160113154,4,2.2359131765000204,1.2609349843413753,0.8037605660714324,0.8037605660714324,1
49,49,159.7700983117849,55.07745674468328,4.0,2.0,159.7700983117849,55.07745674468328,4,1.7127497851603222,0.24731418560298152,0.6023478893079094,0.6023478893079094,1
50,50,123.35396068755088,184.2813796813602,1.0,0.5,123.35396068755088,184.2813796813602,4,1.577110998217953,0.3134093918219381,0.7354312676280466,0.7354312676280466,1
51,51,186.72313083419598,239.41930394001906,14.0,7.0,186.72313083419598,239.41930394001906,4,1.3540000056552137,2.3720541027136806,0.5005413915705826,0.5005413915705826,1
52,52,245.29326073199763,51.3633851654964,16.5,8.25,245.29326073199763,51.3633851654964,4,2.1948278497377913,4.000355186584745,0.7914751881104705,0.7914751881104705,1
53,53,26.041408654175896,15.051741760511165,-16.0,-8.0,26.041408654175896,15.051741760511165,4,1.10435080308215,4.138341399337042,0.48857507763741453,0.48857507763741453,1
54,54,213.96984514501068,112.41405754530109,11.0,5.5,213.96984514501068,112.41405754530109,4,2.0278478971535954,2.4408352271067995,0.7535338822119636,0.7535338822119636,1
55,55,64.65472399410044,235.81919322110505,9.333333333333334,4.666666666666667,64.65472399410044,235.81919322110505,4,2.1519172013298897,1.888494496982539,0.8281633556510147,0.8281633556510147,1
56,56,24.230824525606213,69.44459614805432,-14.0,-7.0,24.230824525606213,69.44459614805432,4,0.9676270620025084,3.612585920128238,0.6181130173976973,0.6181130173976973,1
57,57,214.89579104544782,68.13841108645177,6.666666666666667,3.3333333333333335,214.89579104544782,68.13841108645177,4,1.4112761108456646,1.1889881350200566,0.6349190428850732,0.6349190428850732,1
58,58,145.35989378760308,215.38911049774748,8.0,4.0,145.35989378760308,215.38911049774748,4,1.8637869074401665,1.7758064172574353,0.7897537763916482,0.7897537763916482,1
59,59,14.910027019663865,80.0346423971421,3.5,1.75,14.910027019663865,80.0346423971421,4,2.8260111498940277,0.4910059309708335,0.9565385292517394,0.9565385292517394,1
60,60,170.28140413835547,148.83552734365526,2.6666666666666665,1.3333333333333333,170.28140413835547,148.83552734365526,4,1.7271056318151758,0.3630517153441306,0.6875356369371364,0.6875356369371364,1
61,61,144.81859974827407,107.85907900913469,-4.0,-2.0,144.81859974827407,107.85907900913469,4,1.7515474557106137,0.9924592692006691,0.6958692114028986,0.6958692114028986,1
62,62,10.595182927213923,17.3511068837697,-4.5,-2.25,10.595182927213923,17.3511068837697,4,1.8971502884093092,1.2541224654452257,0.7674967808226982,0.7674967808226982,1
63,63,132.84409400724462,122.32937007749452,4.0,2.0,132.84409400724462,122.32937007749452,4,1.6874682582950395,0.4608222536723544,0.6989774513573572,0.6989774513573572,1
64,64,238.20222078397092,10.609364372204652,10.0,5.0,238.20222078397092,10.609364372204652,4,1.4540303498022094,2.0269973892718602,0.5953964739995615,0.5953964739995615,1
65,65,85.69457917017604,10.46183363209023,-5.0,-2.5,85.69457917017604,10.46183363209023,4,1.6085277867686867,1.3739713423311855,0.6233478106737477,0.6233478106737477,1
66,66,20.108313640134224,113.34892616655856,-30.0,-15.0,20.108313640134224,113.34892616655856,4,1.3905131926949679,7.7845584296085955,0.5154695416763303,0.5154695416763303,1
67,67,188.08275882315468,47.8904988016013,-2.0,-1.0,188.08275882315468,47.8904988016013,4,2.146997966832407,0.6877921436534343,0.8030672754200591,0.8030672754200591,1
68,68,172.18468055049425,148.737300478511,10.666666666666666,5.333333333333333,172.18468055049425,148.737300478511,4,1.419176615554445,2.437355681733879,0.6322135224153568,0.6322135224153568,1
69,69,94.72933126588235,9.928611761109579,-7.0,-3.5,94.72933126588235,9.928611761109579,4,1.396928287887925,2.012455385668507,0.590268876863847,0.590268876863847,1
70,70,231.20845622153058,206.26667825027468,9.0,4.5,231.20845622153058,206.26667825027468,4,1.8839366763715106,1.5536340030256541,0.7076167018954941,0.7076167018954941,1
71,71,185.27170851486449,121.79723063821443,-22.0,-11.0,185.27170851486449,121.79723063821443,4,0.7418810470975441,5.7162060338604395,0.2616624397394889,0.2616624397394889,1
72,72,187.60935098621715,5.039298903491226,3.5,1.75,187.60935098621715,5.039298903491226,4,2.343121297819389,0.4605578278482072,0.8746637316269548,0.8746637316269548,1
73,73,208.04895890678964,41.88309340100646,5.5,2.75,208.04895890678964,41.88309340100646,4,1.8779599262523607,0.8490095551519219,0.799361155748664,0.799361155748664,1
74,74,249.76676458188717,219.506190106861,1.3333333333333333,0.6666666666666666,249.76676458188717,219.506190106861,4,1.5446994049004301,0.13325750105349832,0.685762854594185,0.685762854594185,1
75,75,157.09269794318607,39.02562476436965,5.0,2.5,157.09269794318607,39.02562476436965,4,1.8087166114063649,0.9672046574201304,0.7216819013907168,0.7216819013907168,1
76,76,104.82317139320902,95.09453637605039,-8.0,-4.0,104.82317139320902,95.09453637605039,4,1.420201161190569,2.0369987411474257,0.5625561437440796,0.5625561437440796,1
77,77,55.48974266803425,98.64423912557817,-2.0,-1.0,55.48974266803425,98.64423912557817,4,1.1654367263707948,0.4834741528414768,0.5117210224706042,0.5117210224706042,1
78,78,21.7353804158063,25.464630403186373,-6.0,-3.0,21.7353804158063,25.464630403186373,4,1.1074659802731814,1.513334377903913,0.5939898552900321,0.5939898552900321,1
79,79,234.55702506511784,53.7019020374344,10.0,5.0,234.55702506511784,53.7019020374344,4,1.8456631470838907,1.90469873425288,0.6813424556853895,0.6813424556853895,1
80,80,123.73255265481778,194.92352197008273,-26.0,-13.0,123.73255265481778,194.92352197008273,4,0.8304043620379514,6.768381858299713,0.5248000639725252,0.5248000639725252,1
81,81,166.93490803909535,247.1670047784925,14.0,7.0,166.93490803909535,247.1670047784925,4,1.5229593099755871,2.7258423520369317,0.5833014915983425,0.5833014915983425,1
82,82,98.98654150709129,201.83678580351636,-2.0,-1.0,98.98654150709129,201.83678580351636,4,1.0712979726612426,0.48347415284147516,0.4823963188298309,0.4823963188298309,1
83,83,234.36657331728483,208.42948267774076,7.333333333333333,3.6666666666666665,234.36657331728483,208.42948267774076,4,2.091162490922229,1.40895157726662,0.8240063257842296,0.8240063257842296,1
84,84,176.24580904026755,249.31348130966958,15.0,7.5,176.24580904026755,249.31348130966958,4,1.3696547290327898,3.492811552502032,0.5443587178027476,0.5443587178027476,1
85,85,205.0560619567941,151.33185450656046,4.0,2.0,205.0560619567941,151.33185450656046,4,1.5380667464855664,0.36777327461492143,0.5695075088908802,0.5695075088908802,1
86,86,220.79255063799565,204.70096831075637,14.0,7.0,220.79255063799565,204.70096831075637,4,1.3875972561567194,2.7258423520369317,0.500117550187132,0.500117550187132,1
87,87,12.164069291436268,138.04809607841906,-14.0,-7.0,12.164069291436268,138.04809607841906,4,1.4185031148412395,3.61258592012825,0.5937776362730257,0.5937776362730257,1
88,88,239.52439118498205,186.02497566503808,18.0,9.0,239.52439118498205,186.02497566503808,4,0.974640493430924,3.6938681561649647,0.440967378100044,0.440967378100044,1
89,89,124.31184489501308,200.97413401379313,-10.0,-5.0,124.31184489501308,200.97413401379313,4,1.740865473279165,2.5617424143136485,0.6106576519376888,0.6106576519376888,2
90,90,163.67977590023693,7.3173179817752425,-3.3333333333333335,-1.6666666666666667,163.67977590023693,7.3173179817752425,4,2.150923663280484,1.0052905070171274,0.8038125324824336,0.8038125324824336,2
91,91,246.59408265425074,101.24235088851809,5.0,2.5,246.59408265425074,101.24235088851809,4,2.4371353044333284,0.7622096247284413,0.8390596186323086,0.8390596186323086,2
92,92,208.58967282651466,59.629018973367465,10.0,5.0,208.58967282651466,59.629018973367465,4,1.2458823306350149,1.7605293222524336,0.553215504270488,0.553215504270488,2
93,93,243.33636600128537,170.56113954790288,16.0,8.0,243.33636600128537,170.56113954790288,4,1.7911718158595227,3.2096694054806383,0.6714831524968076,0.6714831524968076,2
94,94,246.6406689231194,99.78570385914666,6.0,3.0,246.6406689231194,99.78570385914666,4,2.541702418779879,1.0022814316528317,0.8614702501874811,0.8614702501874811,2
95,95,169.65786015847914,148.58892981045503,6.0,3.0,169.65786015847914,148.58892981045503,4,1.8037309419326866,0.8077145870829573,0.7178352034187466,0.7178352034187466,2
96,96,103.37165464043723,48.04912428145295,-9.333333333333334,-4.666666666666667,103.37165464043723,48.04912428145295,4,2.243238254424016,2.3783082471579013,0.8139407271670374,0.8139407271670374,2
97,97,149.4635308154085,250.92898872870126,11.0,5.5,149.4635308154085,250.92898872870126,4,2.0691618185153358,1.7468678495150756,0.7460843145615285,0.7460843145615285,2
98,98,115.18236155187078,35.40280607084757,-11.333333333333334,-5.666666666666667,115.18236155187078,35.40280607084757,4,2.016776870175213,2.93207064644665,0.853270108374059,0.853270108374059,2
99,99,151.80451339330543,4.819181755339974,-3.0,-1.5,151.80451339330543,4.819181755339974,4,1.5524804414942064,0.8197675315063351,0.7800877037747039,0.7800877037747039,2
100,100,83.27654321709889,210.69133416941605,1.0,0.5,83.27654321709889,210.69133416941605,4,1.878152103211649,0.041081043044428035,0.7382630266524726,0.7382630266524726,2
101,101,170.31512276236282,62.95136133259097,-5.0,-2.5,170.31512276236282,62.95136133259097,4,1.3826870621394107,1.112401485866707,0.6102292191339748,0.6102292191339748,2
102,102,23.46088583052577,23.507225415526925,5.0,2.5,23.46088583052577,23.507225415526925,4,1.7853374992158249,0.6732199436194167,0.7010624471757673,0.7010624471757673,2
103,103,203.47123332960618,233.0063304558908,8.0,4.0,203.47123332960618,233.0063304558908,4,1.6738598474029625,1.2808089729476153,0.7227605350549149,0.7227605350549149,2
104,104,27.339777404877193,147.69823215011314,0.0,0.0,27.339777404877193,147.69823215011314,4,2.013785089552221,0.06685198822160213,0.7975903679871515,0.7975903679871515,2
105,105,131.338935316953,75.94618785761966,-4.0,-2.0,131.338935316953,75.94618785761966,4,1.622809215473331,0.9924592692006691,0.5923968303972429,0.5923968303972429,2
106,106,207.44612188399392,193.21667233949054,6.0,3.0,207.44612188399392,193.21667233949054,4,1.5104256866281245,0.8077145870829573,0.5101353433455299,0.5101353433455299,2
107,107,210.49305561970436,218.5070117293059,7.333333333333333,3.6666666666666665,210.49305561970436,218.5070117293059,4,2.373112778285133,1.2824228756255331,0.87894579546568,0.87894579546568,2
108,108,168.51637913397326,105.07418584979231,-2.0,-1.0,168.51637913397326,105.07418584979231,4,1.6582706688203737,0.5791129060261272,0.6628794038744995,0.6628794038744995,2
109,109,115.80653089828195,57.98582642575367,-10.0,-5.0,115.80653089828195,57.98582642575367,4,1.7256400493030823,1.939467850147219,0.673640854203414,0.673640854203414,2
110,110,29.90021015371764,197.36199523883096,4.0,2.0,29.90021015371764,197.36199523883096,4,1.6269288372569435,0.3677732746149191,0.5908950543388917,0.5908950543388917,2
111,111,37.224130982360634,27.63649808868375,-2.0,-1.0,37.224130982360634,27.63649808868375,4,1.651469574833557,0.5651869683295064,0.6725318346156998,0.6725318346156998,2
112,112,219.27322151997294,237.68498721116774,8.0,4.0,219.27322151997294,237.68498721116774,4,2.0112429735088817,1.5372152040076756,0.8006649121600672,0.8006649121600672,2
113,113,134.0492378481214,70.94654143121922,-8.0,-4.0,134.0492378481214,70.94654143121922,4,1.1696688921638705,2.0369987411474257,0.5373506297657455,0.5373506297657455,2
114,114,96.92213629812701,107.20976097645328,-6.0,-3.0,96.92213629812701,107.20976097645328,4,1.5985128771414518,1.4682447036678237,0.6071683098325098,0.6071683098325098,2
115,115,135.48186807851806,58.20223010268831,0.0,0.0,135.48186807851806,58.20223010268831,4,1.9198005429745164,0.08101271762741469,0.8011470484761788,0.8011470484761788,2
116,116,123.02669298049575,99.34866936163797,-6.0,-3.0,123.02669298049575,99.34866936163797,4,1.2922659564563526,1.5133343779039117,0.5182235679324851,0.5182235679324851,2
117,117,247.92674440447564,184.3422482223205,6.0,3.0,247.92674440447564,184.3422482223205,4,1.9340100899352692,0.8943815060490918,0.7760417668939028,0.7760417668939028,2
118,118,68.6724028178561,172.8545380203482,0.0,0.0,68.6724028178561,172.8545380203482,4,2.2721018902113945,0.09963778578773741,0.8446742194713919,0.8446742194713919,2
119,119,19.16305594407185,120.7257697667026,0.0,0.0,19.16305594407185,120.7257697667026,4,2.0831444900339693,0.1406253830342215,0.8141556528842147,0.8141556528842147,2
120,120,223.6886254037616,121.10181782790997,14.0,7.0,223.6886254037616,121.10181782790997,4,1.754920714199259,2.931902817983728,0.6751963873497585,0.6751963873497585,2
121,121,153.63437068697775,121.62134603713397,3.0,1.5,153.63437068697775,121.62134603713397,4,1.8221725643775848,0.2936448125939227,0.7158940451281504,0.7158940451281504,2
122,122,6.549672731339189,76.87411229227641,0.0,0.0,6.549672731339189,76.87411229227641,4,2.212399912664919,0.06685198822159197,0.7661449142389801,0.7661449142389801,2
123,123,148.89909253729243,34.347957789164795,10.0,5.0,148.89909253729243,34.347957789164795,4,0.8962492895559656,1.7605293222524336,0.35223880538445385,0.35223880538445385,2
124,124,60.04400446815879,130.23565231957656,-6.0,-3.0,60.04400446815879,130.23565231957656,4,1.4062453433352395,1.5133343779039117,0.5799082769270875,0.5799082769270875,2
125,125,52.04885796953403,9.590691073327909,-8.0,-4.0,52.04885796953403,9.590691073327909,4,0.6352842022120635,2.0369987411474293,0.3270237337803554,0.3270237337803554,2
126,126,250.64617484549444,55.21411679000267,4.0,2.0,250.64617484549444,55.21411679000267,4,1.8483955326954127,0.4535162771213917,0.7347215166092104,0.7347215166092104,2
127,127,83.49252804896139,128.04460616354243,-7.0,-3.5,83.49252804896139,128.04460616354243,4,1.8802689094458072,1.9865962676188087,0.7350752670421986,0.7350752670421986,2
128,128,56.54622184076848,132.5723134031107,8.0,4.0,56.54622184076848,132.5723134031107,4,0.8283576885309922,1.2808089729476368,0.49246471174473283,0.49246471174473283,2
129,129,37.55304116692338,50.56921317951417,8.0,4.0,37.55304116692338,50.56921317951417,4,1.1956968881662553,1.2808089729476262,0.4436874079528856,0.4436874079528856,2
130,130,249.0278604328659,44.39162047080393,-10.0,-5.0,249.0278604328659,44.39162047080393,4,1.8155481383693406,1.9394678501472153,0.7406793344790353,0.7406793344790353,2
131,131,196.0200631192286,55.689550757227835,6.0,3.0,196.0200631192286,55.689550757227835,4,0.9937719868289967,0.8077145870829632,0.4558409905776546,0.4558409905776546,2
132,132,249.36653059098012,96.59362742531395,2.0,1.0,249.36653059098012,96.59362742531395,4,1.4536621026236975,0.12858651135657106,0.7966577157648835,0.7966577157648835,2
133,133,200.17163053564965,105.71502099258925,4.0,2.0,200.17163053564965,105.71502099258925,4,1.0286540228543464,0.36777327461492143,0.46059948749176666,0.46059948749176666,2
134,134,22.742633512273862,190.3962094189568,8.0,4.0,22.742633512273862,190.3962094189568,4,1.4791460756936896,1.2808089729476175,0.6156091641423922,0.6156091641423922,2
135,135,248.0067178309702,22.463307219993936,8.666666666666666,4.333333333333333,248.0067178309702,22.463307219993936,4,2.104330175310766,1.50913330328343,0.7790658137585516,0.7790658137585516,2
136,136,145.38607724309747,220.8777609162138,6.0,3.0,145.38607724309747,220.8777609162138,4,1.5551580976031698,0.8077145870829573,0.5777372090466812,0.5777372090466812,2
137,137,65.91905156699221,39.705094912473484,-18.0,-9.0,65.91905156699221,39.705094912473484,4,0.9087234937031514,4.664219059863271,0.4183449347173216,0.4183449347173216,2
138,138,229.85438530583073,140.74382616878935,10.0,5.0,229.85438530583073,140.74382616878935,4,2.0249508136727736,1.7605293222524439,0.6834386232189631,0.6834386232189631,2
139,139,153.2706028433942,206.3359236281616,6.0,3.0,153.2706028433942,206.3359236281616,4,1.0790708666734066,0.8077145870829573,0.6073067889761307,0.6073067889761307,2
140,140,23.52017578972378,135.21859108443346,-6.666666666666667,-3.3333333333333335,23.52017578972378,135.21859108443346,4,1.83164937975712,1.7634578952547812,0.7773427017613732,0.7773427017613732,2
141,141,40.80486604088729,203.2067038149669,9.0,4.5,40.80486604088729,203.2067038149669,4,1.295419561906826,1.323749138166371,0.5573684239880138,0.5573684239880138,2
142,142,40.479520178890525,91.02066966480149,-8.0,-4.0,40.479520178890525,91.02066966480149,4,1.773239844367559,1.603623183156613,0.7280234904388463,0.7280234904388463,3
143,143,126.35465413551762,54.85901894121476,-4.0,-2.0,126.35465413551762,54.85901894121476,4,2.3291478435006447,0.9195675477724737,0.8677260777860355,0.8677260777860355,3
144,144,214.8759244462592,17.57590555675306,4.0,2.0,214.8759244462592,17.57590555675306,4,1.9137560699700291,0.4928921780155014,0.7089561490159954,0.7089561490159954,3
145,145,148.2427444809552,13.280774562974571,-12.0,-6.0,148.2427444809552,13.280774562974571,4,1.6409092109444554,3.087015049674645,0.7858499332703719,0.7858499332703719,3
146,146,11.903499576672676,159.3201653978212,10.0,5.0,11.903499576672676,159.3201653978212,4,1.8150277046067531,1.9881971932556255,0.711782606387657,0.711782606387657,3
147,147,77.84419716376149,29.81686447950684,-8.0,-4.0,77.84419716376149,29.81686447950684,4,1.8042055107122743,1.6414712090075634,0.727574159137787,0.727574159137787,3
148,148,45.264045365445256,174.89870588117589,4.0,2.0,45.264045365445256,174.89870588117589,4,1.2408634155098524,0.5651089228277145,0.6198355702291624,0.6198355702291624,3
149,149,41.44415439745221,86.07063825116593,-6.0,-3.0,41.44415439745221,86.07063825116593,4,2.160141851875474,1.3276336775154338,0.807301070980027,0.807301070980027,3
150,150,171.50329302195632,49.11337376433405,-2.0,-1.0,171.50329302195632,49.11337376433405,4,1.398018377921997,0.4654766567273972,0.596046475996442,0.596046475996442,3
151,151,49.19891362641985,37.73232728623647,-20.0,-10.0,49.19891362641985,37.73232728623647,4,0.9079274059163257,5.1901817630102025,0.34284346881765787,0.34284346881765787,3
152,152,136.9131485208903,26.76169650817765,-12.0,-6.0,136.9131485208903,26.76169650817765,4,1.3337721377028755,2.3148410455455357,0.6633627019409611,0.6633627019409611,3
153,153,109.99828489013868,91.09135488617504,-10.0,-5.0,109.99828489013868,91.09135488617504,4,1.4165973054531862,2.5617424143136485,0.5142095286907625,0.5142095286907625,3
154,154,209.7098573301578,57.54988411591917,4.0,2.0,209.7098573301578,57.54988411591917,4,1.0359082595412763,0.5651089228277282,0.5717733333831605,0.5717733333831605,3
155,155,249.96821348270393,246.2368305395922,2.0,1.0,249.96821348270393,246.2368305395922,4,1.353266080833615,0.24406950739880942,0.5237837189991191,0.5237837189991191,3
156,156,61.048986737143906,89.50591416195053,-6.0,-3.0,61.048986737143906,89.50591416195053,4,1.965414876866423,1.5133343779039117,0.6845137632256463,0.6845137632256463,3
157,157,190.60266766492254,11.72395952147568,0.0,0.0,190.60266766492254,11.72395952147568,4,1.9681595976044952,0.24341086996923533,0.70141321270265,0.70141321270265,3
158,158,7.801014782282641,45.396643748792854,-4.0,-2.0,7.801014782282641,45.396643748792854,4,1.6830047708995202,0.9924592692006816,0.6480182189332242,0.6480182189332242,3
159,159,73.14242768382327,120.5317837164765,-2.0,-1.0,73.14242768382327,120.5317837164765,4,1.2438133350839697,0.4654766567273898,0.5445695299961132,0.5445695299961132,3
160,160,156.5385648426497,77.252818151399,-16.0,-8.0,156.5385648426497,77.252818151399,4,0.6197610706907456,4.138341399337048,0.3418708184478588,0.3418708184478588,3
161,161,82.12141116272657,107.06007841949875,-5.0,-2.5,82.12141116272657,107.06007841949875,4,2.006065531030983,1.0952115833526668,0.678868414795063,0.678868414795063,3
162,162,70.14598160797699,206.9775212898124,6.0,3.0,70.14598160797699,206.9775212898124,4,2.0203138246619314,1.0270510424852288,0.7825104044323128,0.7825104044323128,3
163,163,41.46206654993749,39.58615902441499,-2.0,-1.0,41.46206654993749,39.58615902441499,4,0.7551660088486902,0.4654766567273914,0.3831899053784446,0.3831899053784446,3
164,164,127.75746550193622,39.14545816121522,-20.0,-10.0,127.75746550193622,39.14545816121522,4,0.9726805214706807,5.190181763010206,0.4965081308965861,0.4965081308965861,3
165,165,8.2238039382934,172.67834537968153,10.0,5.0,8.2238039382934,172.67834537968153,4,1.2640907965753705,1.9881971932556255,0.5598678045614465,0.5598678045614465,3
166,166,174.88926149608173,24.913936586093367,-12.0,-6.0,174.88926149608173,24.913936586093367,4,1.2620625523321654,3.087015049674645,0.425862633018716,0.425862633018716,3
167,167,138.74980782310234,80.5227714737284,-2.0,-1.0,138.74980782310234,80.5227714737284,4,1.7746730653832334,0.4654766567274013,0.8269156116644047,0.8269156116644047,3
168,168,25.287176437895898,25.5943722937604,-10.0,-5.0,25.287176437895898,25.5943722937604,4,1.131119319697537,2.5617424143136467,0.5825102545460562,0.5825102545460562,3
169,169,187.70708465925958,239.06241863770757,10.0,5.0,187.70708465925958,239.06241863770757,4,1.0002611102501549,1.9881971932556197,0.5420533080960436,0.5420533080960436,3
170,170,32.84754832453277,10.814845825492021,-6.0,-3.0,32.84754832453277,10.814845825492021,4,2.0314770330157783,1.5133343779039148,0.7472105980145616,0.7472105980145616,3
171,171,121.84812855129522,98.14178482619565,-4.0,-2.0,121.84812855129522,98.14178482619565,4,1.186709037739341,0.9924592692006751,0.5636108539199868,0.5636108539199868,3
172,172,108.9476062297581,99.19323869013166,-8.0,-4.0,108.9476062297581,99.19323869013166,4,1.2860182802136024,2.0369987411474257,0.5141119297533208,0.5141119297533208,3
173,173,146.43978669755404,24.165731042898944,-4.0,-2.0,146.43978669755404,24.165731042898944,4,0.799977159203622,0.9924592692006875,0.46603268509011764,0.46603268509011764,3
174,174,63.415210283114604,103.29658293877706,-6.0,-3.0,63.415210283114604,103.29658293877706,4,1.4219476240533404,1.5133343779039117,0.5642131505960244,0.5642131505960244,3
175,175,128.647514985535,218.02572249052378,2.0,1.0,128.647514985535,218.02572249052378,4,2.4617464800448303,0.17314120607641612,0.9206089274690856,0.9206089274690856,3
176,176,153.49822921510213,17.500045020771932,-8.0,-4.0,153.49822921510213,17.500045020771932,4,0.8793278510198682,2.0369987411474257,0.3482597987962429,0.3482597987962429,3
177,177,55.17403265881667,98.56690805685605,-4.0,-2.0,55.17403265881667,98.56690805685605,4,1.4663728213258571,0.9924592692006751,0.6591566092529012,0.6591566092529012,3
178,178,91.17860427056313,213.43579309550395,-2.0,-1.0,91.17860427056313,213.43579309550395,4,1.447409186352785,0.4654766567273815,0.6059567488239516,0.6059567488239516,3
179,179,142.93539312061546,122.85140117475689,-4.0,-2.0,142.93539312061546,122.85140117475689,4,1.2103304524630363,0.9924592692006811,0.5355737305807151,0.5355737305807151,3
180,180,227.63993701386676,47.51789148364033,10.0,5.0,227.63993701386676,47.51789148364033,4,2.3958336307879256,1.9881971932556317,0.8543177119543123,0.8543177119543123,3
181,181,244.30775132975202,130.8298376483661,8.0,4.0,244.30775132975202,130.8298376483661,4,1.5240181659544365,1.505332910712238,0.6801806614986413,0.6801806614986413,3
182,182,196.31348865653467,2.897034554055687,-2.0,-1.0,196.31348865653467,2.897034554055687,4,1.3599339598021774,0.46547665672739924,0.6006705476520738,0.6006705476520738,3
183,183,29.455113899924758,131.54245448851293,4.0,2.0,29.455113899924758,131.54245448851293,4,1.9224912678109614,0.5651089228277154,0.7581559621846414,0.7581559621846414,3
184,184,124.54385832407496,178.64160632777504,-4.0,-2.0,124.54385832407496,178.64160632777504,4,1.292859438927992,0.9924592692006751,0.5611061753326305,0.5611061753326305,3
185,185,194.96754184916512,100.2371131486243,6.0,3.0,194.96754184916512,100.2371131486243,4,1.2183010550199833,1.027051042485235,0.5804610055987781,0.5804610055987781,3
186,186,187.83106174757737,137.57004710750394,6.0,3.0,187.83106174757737,137.57004710750394,4,1.3058050321360128,1.027051042485235,0.560355018007728,0.560355018007728,3
187,187,250.90689448525296,186.8121085636967,2.0,1.0,250.90689448525296,186.8121085636967,4,1.098506946300888,0.24406950739880942,0.636177919351053,0.636177919351053,3
188,188,24.80213294626547,237.07609814999543,14.0,7.0,24.80213294626547,237.07609814999543,4,1.3151395127938286,2.958691033318737,0.6171201810201066,0.6171201810201066,3
189,189,110.4531949456263,216.14982913411092,-8.0,-4.0,110.4531949456263,216.14982913411092,4,1.0199754007919868,2.0369987411474257,0.4076575082329287,0.4076575082329287,3
190,190,228.65016176036465,10.473415553330868,-8.0,-4.0,228.65016176036465,10.473415553330868,4,1.6908754375465658,2.0369987411474257,0.6784695927373223,0.6784695927373223,3
191,191,128.87690417865127,12.937603578795382,-20.0,-10.0,128.87690417865127,12.937603578795382,4,1.8990243631517094,5.190181763010206,0.7731382054100586,0.7731382054100586,3
192,192,53.13239830909227,20.75163784922628,-16.0,-8.0,53.13239830909227,20.75163784922628,4,1.4919275628468776,4.138341399337042,0.4895341550048437,0.4895341550048437,3
193,193,150.2789665166646,76.44642061203214,-12.0,-6.0,150.2789665166646,76.44642061203214,4,0.7409287732103138,3.0870150496746485,0.3639387999466689,0.3639387999466689,3
194,194,8.564613852983978,85.5380081252036,14.0,7.0,8.564613852983978,85.5380081252036,4,1.8743929678229585,2.958691033318725,0.6881527874917504,0.6881527874917504,3
195,195,115.98905528092331,103.09088943186474,-4.0,-2.0,115.98905528092331,103.09088943186474,4,0.7223364545676868,0.992459269200688,0.3419605960317181,0.3419605960317181,3
196,196,213.98458737288524,46.512648757470785,-4.0,-2.0,213.98458737288524,46.512648757470785,4,0.6511986691000373,0.9924592692006875,0.392003159835184,0.392003159835184,3
197,197,170.28654193431478,49.972143114404616,2.0,1.0,170.28654193431478,49.972143114404616,4,1.4691555206374483,0.24406950739880434,0.6212461859015459,0.6212461859015459,4
198,198,57.48528243870612,124.31844408518296,-4.0,-2.0,57.48528243870612,124.31844408518296,4,1.8111114725655366,0.9968599768386859,0.6846588603567844,0.6846588603567844,4
199,199,89.87733574022447,212.06646804047574,0.0,0.0,89.87733574022447,212.06646804047574,4,1.52091099352461,0.06685198822159964,0.6719702574189169,0.6719702574189169,4
200,200,110.5007574247014,226.83150126650202,6.0,3.0,110.5007574247014,226.83150126650202,4,1.6683354903491576,0.8077145870829654,0.6331429222846146,0.6331429222846146,4
201,201,212.26084095080688,97.54018202380487,2.0,1.0,212.26084095080688,97.54018202380487,4,1.3263094308838805,0.24406950739880942,0.5100119075267082,0.5100119075267082,4
202,202,58.8177489493668,54.48376152944117,-6.0,-3.0,58.8177489493668,54.48376152944117,4,2.299617598110757,1.528284356631099,0.8032104739322634,0.8032104739322634,4
203,203,29.465362517811137,74.04107131751084,-2.0,-1.0,29.465362517811137,74.04107131751084,4,1.7367160347798465,0.4654766567273956,0.707937254973572,0.707937254973572,4
204,204,60.539996447792355,210.6690492594584,-4.0,-2.0,60.539996447792355,210.6690492594584,4,1.4593921620936967,0.9968599768386832,0.5945510481264809,0.5945510481264809,4
205,205,60.34773511792392,178.5744947567351,-12.0,-6.0,60.34773511792392,178.5744947567351,4,2.1552200006754343,3.1225942185368254,0.7352467107070098,0.7352467107070098,4
206,206,65.15688131732507,64.19429073363938,6.0,3.0,65.15688131732507,64.19429073363938,4,1.0619811654329907,0.8077145870829712,0.4874321755031974,0.4874321755031974,4
207,207,203.5908711906096,78.64712768711277,6.0,3.0,203.5908711906096,78.64712768711277,4,1.3032575910351434,0.8077145870829573,0.6102254929417881,0.6102254929417881,4
208,208,19.883790785077338,59.47185099030215,10.0,5.0,19.883790785077338,59.47185099030215,4,0.6839160632404326,1.7605293222524339,0.41298456666028205,0.41298456666028205,4
209,209,79.31841272289019,118.58321965678283,0.0,0.0,79.31841272289019,118.58321965678283,4,1.3258286194211752,0.06685198822158948,0.509488122300609,0.509488122300609,4
210,210,170.3758943456479,63.75476061389106,4.0,2.0,170.3758943456479,63.75476061389106,4,1.48150695300716,0.36777327461492837,0.5496242100071281,0.5496242100071281,4
211,211,101.15243992392595,225.25476917630098,6.0,3.0,101.15243992392595,225.25476917630098,4,1.1751891056156591,0.8077145870829654,0.46415515679236274,0.46415515679236274,4
